SN,Sub-SN,Status
MSN00000000,SBN00000000,Pass
MSN00000000,SBN00000001,Pass
MSN00000000,SBN00000002,Pass
MSN00000001,SBN00000003,Pass
MSN00000001,SBN00000004,Pass
MSN00000001,SBN00000005,Pass
MSN00000002,SBN00000006,Pass
MSN00000002,SBN00000007,Pass
MSN00000002,SBN00000008,Pass
MSN00000003,SBN00000009,Pass
MSN00000003,SBN00000010,Pass
MSN00000003,SBN00000011,Pass
MSN00000004,SBN00000012,Pass
MSN00000004,SBN00000013,Pass
MSN00000004,SBN00000014,Pass
MSN00000005,SBN00000015,Fail
MSN00000005,SBN00000016,Fail
MSN00000005,SBN00000017,Fail
MSN00000006,SBN00000018,Fail
MSN00000006,SBN00000019,Fail
MSN00000006,SBN00000020,Fail
MSN00000007,SBN00000021,Pass
MSN00000007,SBN00000022,Pass
MSN00000007,SBN00000023,Pass
MSN00000008,SBN00000024,Pass
MSN00000008,SBN00000025,Pass
MSN00000008,SBN00000026,Pass
MSN00000009,SBN00000027,Pass
MSN00000009,SBN00000028,Pass
MSN00000009,SBN00000029,Pass
MSN00000010,SBN00000030,Fail
MSN00000010,SBN00000031,Fail
MSN00000010,SBN00000032,Fail
MSN00000011,SBN00000033,Pass
MSN00000011,SBN00000034,Pass
MSN00000011,SBN00000035,Pass
MSN00000012,SBN00000036,Fail
MSN00000012,SBN00000037,Fail
MSN00000012,SBN00000038,Fail
MSN00000013,SBN00000039,Pass
MSN00000013,SBN00000040,Pass
MSN00000013,SBN00000041,Pass
MSN00000014,SBN00000042,Fail
MSN00000014,SBN00000043,Fail
MSN00000014,SBN00000044,Fail
MSN00000015,SBN00000045,Fail
MSN00000015,SBN00000046,Fail
MSN00000015,SBN00000047,Fail
MSN00000016,SBN00000048,Fail
MSN00000016,SBN00000049,Fail
MSN00000016,SBN00000050,Fail
MSN00000017,SBN00000051,Pass
MSN00000017,SBN00000052,Pass
MSN00000017,SBN00000053,Pass
MSN00000018,SBN00000054,Pass
MSN00000018,SBN00000055,Pass
MSN00000018,SBN00000056,Pass
MSN00000019,SBN00000057,Pass
MSN00000019,SBN00000058,Pass
MSN00000019,SBN00000059,Pass
MSN00000020,SBN00000060,Pass
MSN00000020,SBN00000061,Pass
MSN00000020,SBN00000062,Pass
MSN00000021,SBN00000063,Pass
MSN00000021,SBN00000064,Pass
MSN00000021,SBN00000065,Pass
MSN00000022,SBN00000066,Pass
MSN00000022,SBN00000067,Pass
MSN00000022,SBN00000068,Pass
MSN00000023,SBN00000069,Fail
MSN00000023,SBN00000070,Fail
MSN00000023,SBN00000071,Fail
MSN00000024,SBN00000072,Pass
MSN00000024,SBN00000073,Pass
MSN00000024,SBN00000074,Pass
MSN00000025,SBN00000075,Pass
MSN00000025,SBN00000076,Pass
MSN00000025,SBN00000077,Pass
MSN00000026,SBN00000078,Pass
MSN00000026,SBN00000079,Pass
MSN00000026,SBN00000080,Pass
MSN00000027,SBN00000081,Fail
MSN00000027,SBN00000082,Fail
MSN00000027,SBN00000083,Fail
MSN00000028,SBN00000084,Pass
MSN00000028,SBN00000085,Pass
MSN00000028,SBN00000086,Pass
MSN00000029,SBN00000087,Pass
MSN00000029,SBN00000088,Pass
MSN00000029,SBN00000089,Pass
MSN00000030,SBN00000090,Fail
MSN00000030,SBN00000091,Fail
MSN00000030,SBN00000092,Fail
MSN00000031,SBN00000093,Pass
MSN00000031,SBN00000094,Pass
MSN00000031,SBN00000095,Pass
MSN00000032,SBN00000096,Fail
MSN00000032,SBN00000097,Fail
MSN00000032,SBN00000098,Fail
MSN00000033,SBN00000099,Pass
MSN00000033,SBN00000100,Pass
MSN00000033,SBN00000101,Pass
MSN00000034,SBN00000102,Fail
MSN00000034,SBN00000103,Fail
MSN00000034,SBN00000104,Fail
MSN00000035,SBN00000105,Pass
MSN00000035,SBN00000106,Pass
MSN00000035,SBN00000107,Pass
MSN00000036,SBN00000108,Pass
MSN00000036,SBN00000109,Pass
MSN00000036,SBN00000110,Pass
MSN00000037,SBN00000111,Pass
MSN00000037,SBN00000112,Pass
MSN00000037,SBN00000113,Pass
MSN00000038,SBN00000114,Pass
MSN00000038,SBN00000115,Pass
MSN00000038,SBN00000116,Pass
MSN00000039,SBN00000117,Pass
MSN00000039,SBN00000118,Pass
MSN00000039,SBN00000119,Pass
MSN00000040,SBN00000120,Pass
MSN00000040,SBN00000121,Pass
MSN00000040,SBN00000122,Pass
MSN00000041,SBN00000123,Pass
MSN00000041,SBN00000124,Pass
MSN00000041,SBN00000125,Pass
MSN00000042,SBN00000126,Pass
MSN00000042,SBN00000127,Pass
MSN00000042,SBN00000128,Pass
MSN00000043,SBN00000129,Fail
MSN00000043,SBN00000130,Fail
MSN00000043,SBN00000131,Fail
MSN00000044,SBN00000132,Pass
MSN00000044,SBN00000133,Pass
MSN00000044,SBN00000134,Pass
MSN00000045,SBN00000135,Pass
MSN00000045,SBN00000136,Pass
MSN00000045,SBN00000137,Pass
MSN00000046,SBN00000138,Pass
MSN00000046,SBN00000139,Pass
MSN00000046,SBN00000140,Pass
MSN00000047,SBN00000141,Pass
MSN00000047,SBN00000142,Pass
MSN00000047,SBN00000143,Pass
MSN00000048,SBN00000144,Fail
MSN00000048,SBN00000145,Fail
MSN00000048,SBN00000146,Fail
MSN00000049,SBN00000147,Pass
MSN00000049,SBN00000148,Pass
MSN00000049,SBN00000149,Pass
MSN00000050,SBN00000150,Pass
MSN00000050,SBN00000151,Pass
MSN00000050,SBN00000152,Pass
MSN00000051,SBN00000153,Pass
MSN00000051,SBN00000154,Pass
MSN00000051,SBN00000155,Pass
MSN00000052,SBN00000156,Pass
MSN00000052,SBN00000157,Pass
MSN00000052,SBN00000158,Pass
MSN00000053,SBN00000159,Pass
MSN00000053,SBN00000160,Pass
MSN00000053,SBN00000161,Pass
MSN00000054,SBN00000162,Pass
MSN00000054,SBN00000163,Pass
MSN00000054,SBN00000164,Pass
MSN00000055,SBN00000165,Pass
MSN00000055,SBN00000166,Pass
MSN00000055,SBN00000167,Pass
MSN00000056,SBN00000168,Pass
MSN00000056,SBN00000169,Pass
MSN00000056,SBN00000170,Pass
MSN00000057,SBN00000171,Fail
MSN00000057,SBN00000172,Fail
MSN00000057,SBN00000173,Fail
MSN00000058,SBN00000174,Pass
MSN00000058,SBN00000175,Pass
MSN00000058,SBN00000176,Pass
MSN00000059,SBN00000177,Pass
MSN00000059,SBN00000178,Pass
MSN00000059,SBN00000179,Pass
MSN00000060,SBN00000180,Pass
MSN00000060,SBN00000181,Pass
MSN00000060,SBN00000182,Pass
MSN00000061,SBN00000183,Pass
MSN00000061,SBN00000184,Pass
MSN00000061,SBN00000185,Pass
MSN00000062,SBN00000186,Pass
MSN00000062,SBN00000187,Pass
MSN00000062,SBN00000188,Pass
MSN00000063,SBN00000189,Pass
MSN00000063,SBN00000190,Pass
MSN00000063,SBN00000191,Pass
MSN00000064,SBN00000192,Pass
MSN00000064,SBN00000193,Pass
MSN00000064,SBN00000194,Pass
MSN00000065,SBN00000195,Pass
MSN00000065,SBN00000196,Pass
MSN00000065,SBN00000197,Pass
MSN00000066,SBN00000198,Pass
MSN00000066,SBN00000199,Pass
MSN00000066,SBN00000200,Pass
MSN00000067,SBN00000201,Fail
MSN00000067,SBN00000202,Fail
MSN00000067,SBN00000203,Fail
MSN00000068,SBN00000204,Pass
MSN00000068,SBN00000205,Pass
MSN00000068,SBN00000206,Pass
MSN00000069,SBN00000207,Pass
MSN00000069,SBN00000208,Pass
MSN00000069,SBN00000209,Pass
MSN00000070,SBN00000210,Pass
MSN00000070,SBN00000211,Pass
MSN00000070,SBN00000212,Pass
MSN00000071,SBN00000213,Fail
MSN00000071,SBN00000214,Fail
MSN00000071,SBN00000215,Fail
MSN00000072,SBN00000216,Pass
MSN00000072,SBN00000217,Pass
MSN00000072,SBN00000218,Pass
MSN00000073,SBN00000219,Pass
MSN00000073,SBN00000220,Pass
MSN00000073,SBN00000221,Pass
MSN00000074,SBN00000222,Pass
MSN00000074,SBN00000223,Pass
MSN00000074,SBN00000224,Pass
MSN00000075,SBN00000225,Pass
MSN00000075,SBN00000226,Pass
MSN00000075,SBN00000227,Pass
MSN00000076,SBN00000228,Fail
MSN00000076,SBN00000229,Fail
MSN00000076,SBN00000230,Fail
MSN00000077,SBN00000231,Pass
MSN00000077,SBN00000232,Pass
MSN00000077,SBN00000233,Pass
MSN00000078,SBN00000234,Fail
MSN00000078,SBN00000235,Fail
MSN00000078,SBN00000236,Fail
MSN00000079,SBN00000237,Pass
MSN00000079,SBN00000238,Pass
MSN00000079,SBN00000239,Pass
MSN00000080,SBN00000240,Pass
MSN00000080,SBN00000241,Pass
MSN00000080,SBN00000242,Pass
MSN00000081,SBN00000243,Fail
MSN00000081,SBN00000244,Fail
MSN00000081,SBN00000245,Fail
MSN00000082,SBN00000246,Pass
MSN00000082,SBN00000247,Pass
MSN00000082,SBN00000248,Pass
MSN00000083,SBN00000249,Pass
MSN00000083,SBN00000250,Pass
MSN00000083,SBN00000251,Pass
MSN00000084,SBN00000252,Pass
MSN00000084,SBN00000253,Pass
MSN00000084,SBN00000254,Pass
MSN00000085,SBN00000255,Pass
MSN00000085,SBN00000256,Pass
MSN00000085,SBN00000257,Pass
MSN00000086,SBN00000258,Fail
MSN00000086,SBN00000259,Fail
MSN00000086,SBN00000260,Fail
MSN00000087,SBN00000261,Pass
MSN00000087,SBN00000262,Pass
MSN00000087,SBN00000263,Pass
MSN00000088,SBN00000264,Pass
MSN00000088,SBN00000265,Pass
MSN00000088,SBN00000266,Pass
MSN00000089,SBN00000267,Pass
MSN00000089,SBN00000268,Pass
MSN00000089,SBN00000269,Pass
MSN00000090,SBN00000270,Pass
MSN00000090,SBN00000271,Pass
MSN00000090,SBN00000272,Pass
MSN00000091,SBN00000273,Pass
MSN00000091,SBN00000274,Pass
MSN00000091,SBN00000275,Pass
MSN00000092,SBN00000276,Pass
MSN00000092,SBN00000277,Pass
MSN00000092,SBN00000278,Pass
MSN00000093,SBN00000279,Pass
MSN00000093,SBN00000280,Pass
MSN00000093,SBN00000281,Pass
MSN00000094,SBN00000282,Pass
MSN00000094,SBN00000283,Pass
MSN00000094,SBN00000284,Pass
MSN00000095,SBN00000285,Pass
MSN00000095,SBN00000286,Pass
MSN00000095,SBN00000287,Pass
MSN00000096,SBN00000288,Pass
MSN00000096,SBN00000289,Pass
MSN00000096,SBN00000290,Pass
MSN00000097,SBN00000291,Pass
MSN00000097,SBN00000292,Pass
MSN00000097,SBN00000293,Pass
MSN00000098,SBN00000294,Pass
MSN00000098,SBN00000295,Pass
MSN00000098,SBN00000296,Pass
MSN00000099,SBN00000297,Fail
MSN00000099,SBN00000298,Fail
MSN00000099,SBN00000299,Fail
MSN00000100,SBN00000300,Pass
MSN00000100,SBN00000301,Pass
MSN00000100,SBN00000302,Pass
MSN00000101,SBN00000303,Pass
MSN00000101,SBN00000304,Pass
MSN00000101,SBN00000305,Pass
MSN00000102,SBN00000306,Pass
MSN00000102,SBN00000307,Pass
MSN00000102,SBN00000308,Pass
MSN00000103,SBN00000309,Fail
MSN00000103,SBN00000310,Fail
MSN00000103,SBN00000311,Fail
MSN00000104,SBN00000312,Fail
MSN00000104,SBN00000313,Fail
MSN00000104,SBN00000314,Fail
MSN00000105,SBN00000315,Pass
MSN00000105,SBN00000316,Pass
MSN00000105,SBN00000317,Pass
MSN00000106,SBN00000318,Pass
MSN00000106,SBN00000319,Pass
MSN00000106,SBN00000320,Pass
MSN00000107,SBN00000321,Pass
MSN00000107,SBN00000322,Pass
MSN00000107,SBN00000323,Pass
MSN00000108,SBN00000324,Fail
MSN00000108,SBN00000325,Fail
MSN00000108,SBN00000326,Fail
MSN00000109,SBN00000327,Pass
MSN00000109,SBN00000328,Pass
MSN00000109,SBN00000329,Pass
MSN00000110,SBN00000330,Fail
MSN00000110,SBN00000331,Fail
MSN00000110,SBN00000332,Fail
MSN00000111,SBN00000333,Fail
MSN00000111,SBN00000334,Fail
MSN00000111,SBN00000335,Fail
MSN00000112,SBN00000336,Pass
MSN00000112,SBN00000337,Pass
MSN00000112,SBN00000338,Pass
MSN00000113,SBN00000339,Pass
MSN00000113,SBN00000340,Pass
MSN00000113,SBN00000341,Pass
MSN00000114,SBN00000342,Fail
MSN00000114,SBN00000343,Fail
MSN00000114,SBN00000344,Fail
MSN00000115,SBN00000345,Pass
MSN00000115,SBN00000346,Pass
MSN00000115,SBN00000347,Pass
MSN00000116,SBN00000348,Pass
MSN00000116,SBN00000349,Pass
MSN00000116,SBN00000350,Pass
MSN00000117,SBN00000351,Pass
MSN00000117,SBN00000352,Pass
MSN00000117,SBN00000353,Pass
MSN00000118,SBN00000354,Pass
MSN00000118,SBN00000355,Pass
MSN00000118,SBN00000356,Pass
MSN00000119,SBN00000357,Fail
MSN00000119,SBN00000358,Fail
MSN00000119,SBN00000359,Fail
MSN00000120,SBN00000360,Fail
MSN00000120,SBN00000361,Fail
MSN00000120,SBN00000362,Fail
MSN00000121,SBN00000363,Pass
MSN00000121,SBN00000364,Pass
MSN00000121,SBN00000365,Pass
MSN00000122,SBN00000366,Pass
MSN00000122,SBN00000367,Pass
MSN00000122,SBN00000368,Pass
MSN00000123,SBN00000369,Pass
MSN00000123,SBN00000370,Pass
MSN00000123,SBN00000371,Pass
MSN00000124,SBN00000372,Pass
MSN00000124,SBN00000373,Pass
MSN00000124,SBN00000374,Pass
MSN00000125,SBN00000375,Fail
MSN00000125,SBN00000376,Fail
MSN00000125,SBN00000377,Fail
MSN00000126,SBN00000378,Pass
MSN00000126,SBN00000379,Pass
MSN00000126,SBN00000380,Pass
MSN00000127,SBN00000381,Pass
MSN00000127,SBN00000382,Pass
MSN00000127,SBN00000383,Pass
MSN00000128,SBN00000384,Pass
MSN00000128,SBN00000385,Pass
MSN00000128,SBN00000386,Pass
MSN00000129,SBN00000387,Pass
MSN00000129,SBN00000388,Pass
MSN00000129,SBN00000389,Pass
MSN00000130,SBN00000390,Pass
MSN00000130,SBN00000391,Pass
MSN00000130,SBN00000392,Pass
MSN00000131,SBN00000393,Pass
MSN00000131,SBN00000394,Pass
MSN00000131,SBN00000395,Pass
MSN00000132,SBN00000396,Pass
MSN00000132,SBN00000397,Pass
MSN00000132,SBN00000398,Pass
MSN00000133,SBN00000399,Fail
MSN00000133,SBN00000400,Fail
MSN00000133,SBN00000401,Fail
MSN00000134,SBN00000402,Pass
MSN00000134,SBN00000403,Pass
MSN00000134,SBN00000404,Pass
MSN00000135,SBN00000405,Fail
MSN00000135,SBN00000406,Fail
MSN00000135,SBN00000407,Fail
MSN00000136,SBN00000408,Fail
MSN00000136,SBN00000409,Fail
MSN00000136,SBN00000410,Fail
MSN00000137,SBN00000411,Fail
MSN00000137,SBN00000412,Fail
MSN00000137,SBN00000413,Fail
MSN00000138,SBN00000414,Pass
MSN00000138,SBN00000415,Pass
MSN00000138,SBN00000416,Pass
MSN00000139,SBN00000417,Pass
MSN00000139,SBN00000418,Pass
MSN00000139,SBN00000419,Pass
MSN00000140,SBN00000420,Pass
MSN00000140,SBN00000421,Pass
MSN00000140,SBN00000422,Pass
MSN00000141,SBN00000423,Fail
MSN00000141,SBN00000424,Fail
MSN00000141,SBN00000425,Fail
MSN00000142,SBN00000426,Pass
MSN00000142,SBN00000427,Pass
MSN00000142,SBN00000428,Pass
MSN00000143,SBN00000429,Pass
MSN00000143,SBN00000430,Pass
MSN00000143,SBN00000431,Pass
MSN00000144,SBN00000432,Pass
MSN00000144,SBN00000433,Pass
MSN00000144,SBN00000434,Pass
MSN00000145,SBN00000435,Pass
MSN00000145,SBN00000436,Pass
MSN00000145,SBN00000437,Pass
MSN00000146,SBN00000438,Pass
MSN00000146,SBN00000439,Pass
MSN00000146,SBN00000440,Pass
MSN00000147,SBN00000441,Pass
MSN00000147,SBN00000442,Pass
MSN00000147,SBN00000443,Pass
MSN00000148,SBN00000444,Pass
MSN00000148,SBN00000445,Pass
MSN00000148,SBN00000446,Pass
MSN00000149,SBN00000447,Pass
MSN00000149,SBN00000448,Pass
MSN00000149,SBN00000449,Pass
MSN00000150,SBN00000450,Pass
MSN00000150,SBN00000451,Pass
MSN00000150,SBN00000452,Pass
MSN00000151,SBN00000453,Pass
MSN00000151,SBN00000454,Pass
MSN00000151,SBN00000455,Pass
MSN00000152,SBN00000456,Pass
MSN00000152,SBN00000457,Pass
MSN00000152,SBN00000458,Pass
MSN00000153,SBN00000459,Pass
MSN00000153,SBN00000460,Pass
MSN00000153,SBN00000461,Pass
MSN00000154,SBN00000462,Pass
MSN00000154,SBN00000463,Pass
MSN00000154,SBN00000464,Pass
MSN00000155,SBN00000465,Pass
MSN00000155,SBN00000466,Pass
MSN00000155,SBN00000467,Pass
MSN00000156,SBN00000468,Pass
MSN00000156,SBN00000469,Pass
MSN00000156,SBN00000470,Pass
MSN00000157,SBN00000471,Fail
MSN00000157,SBN00000472,Fail
MSN00000157,SBN00000473,Fail
MSN00000158,SBN00000474,Fail
MSN00000158,SBN00000475,Fail
MSN00000158,SBN00000476,Fail
MSN00000159,SBN00000477,Pass
MSN00000159,SBN00000478,Pass
MSN00000159,SBN00000479,Pass
MSN00000160,SBN00000480,Pass
MSN00000160,SBN00000481,Pass
MSN00000160,SBN00000482,Pass
MSN00000161,SBN00000483,Pass
MSN00000161,SBN00000484,Pass
MSN00000161,SBN00000485,Pass
MSN00000162,SBN00000486,Pass
MSN00000162,SBN00000487,Pass
MSN00000162,SBN00000488,Pass
MSN00000163,SBN00000489,Pass
MSN00000163,SBN00000490,Pass
MSN00000163,SBN00000491,Pass
MSN00000164,SBN00000492,Pass
MSN00000164,SBN00000493,Pass
MSN00000164,SBN00000494,Pass
MSN00000165,SBN00000495,Pass
MSN00000165,SBN00000496,Pass
MSN00000165,SBN00000497,Pass
MSN00000166,SBN00000498,Fail
MSN00000166,SBN00000499,Fail
MSN00000166,SBN00000500,Fail
MSN00000167,SBN00000501,Pass
MSN00000167,SBN00000502,Pass
MSN00000167,SBN00000503,Pass
MSN00000168,SBN00000504,Pass
MSN00000168,SBN00000505,Pass
MSN00000168,SBN00000506,Pass
MSN00000169,SBN00000507,Fail
MSN00000169,SBN00000508,Fail
MSN00000169,SBN00000509,Fail
MSN00000170,SBN00000510,Pass
MSN00000170,SBN00000511,Pass
MSN00000170,SBN00000512,Pass
MSN00000171,SBN00000513,Fail
MSN00000171,SBN00000514,Fail
MSN00000171,SBN00000515,Fail
MSN00000172,SBN00000516,Pass
MSN00000172,SBN00000517,Pass
MSN00000172,SBN00000518,Pass
MSN00000173,SBN00000519,Pass
MSN00000173,SBN00000520,Pass
MSN00000173,SBN00000521,Pass
MSN00000174,SBN00000522,Pass
MSN00000174,SBN00000523,Pass
MSN00000174,SBN00000524,Pass
MSN00000175,SBN00000525,Pass
MSN00000175,SBN00000526,Pass
MSN00000175,SBN00000527,Pass
MSN00000176,SBN00000528,Pass
MSN00000176,SBN00000529,Pass
MSN00000176,SBN00000530,Pass
MSN00000177,SBN00000531,Fail
MSN00000177,SBN00000532,Fail
MSN00000177,SBN00000533,Fail
MSN00000178,SBN00000534,Pass
MSN00000178,SBN00000535,Pass
MSN00000178,SBN00000536,Pass
MSN00000179,SBN00000537,Fail
MSN00000179,SBN00000538,Fail
MSN00000179,SBN00000539,Fail
MSN00000180,SBN00000540,Pass
MSN00000180,SBN00000541,Pass
MSN00000180,SBN00000542,Pass
MSN00000181,SBN00000543,Pass
MSN00000181,SBN00000544,Pass
MSN00000181,SBN00000545,Pass
MSN00000182,SBN00000546,Pass
MSN00000182,SBN00000547,Pass
MSN00000182,SBN00000548,Pass
MSN00000183,SBN00000549,Pass
MSN00000183,SBN00000550,Pass
MSN00000183,SBN00000551,Pass
MSN00000184,SBN00000552,Fail
MSN00000184,SBN00000553,Fail
MSN00000184,SBN00000554,Fail
MSN00000185,SBN00000555,Fail
MSN00000185,SBN00000556,Fail
MSN00000185,SBN00000557,Fail
MSN00000186,SBN00000558,Pass
MSN00000186,SBN00000559,Pass
MSN00000186,SBN00000560,Pass
MSN00000187,SBN00000561,Pass
MSN00000187,SBN00000562,Pass
MSN00000187,SBN00000563,Pass
MSN00000188,SBN00000564,Pass
MSN00000188,SBN00000565,Pass
MSN00000188,SBN00000566,Pass
MSN00000189,SBN00000567,Pass
MSN00000189,SBN00000568,Pass
MSN00000189,SBN00000569,Pass
MSN00000190,SBN00000570,Pass
MSN00000190,SBN00000571,Pass
MSN00000190,SBN00000572,Pass
MSN00000191,SBN00000573,Pass
MSN00000191,SBN00000574,Pass
MSN00000191,SBN00000575,Pass
MSN00000192,SBN00000576,Pass
MSN00000192,SBN00000577,Pass
MSN00000192,SBN00000578,Pass
MSN00000193,SBN00000579,Fail
MSN00000193,SBN00000580,Fail
MSN00000193,SBN00000581,Fail
MSN00000194,SBN00000582,Pass
MSN00000194,SBN00000583,Pass
MSN00000194,SBN00000584,Pass
MSN00000195,SBN00000585,Pass
MSN00000195,SBN00000586,Pass
MSN00000195,SBN00000587,Pass
MSN00000196,SBN00000588,Pass
MSN00000196,SBN00000589,Pass
MSN00000196,SBN00000590,Pass
MSN00000197,SBN00000591,Pass
MSN00000197,SBN00000592,Pass
MSN00000197,SBN00000593,Pass
MSN00000198,SBN00000594,Fail
MSN00000198,SBN00000595,Fail
MSN00000198,SBN00000596,Fail
MSN00000199,SBN00000597,Fail
MSN00000199,SBN00000598,Fail
MSN00000199,SBN00000599,Fail
MSN00000200,SBN00000600,Fail
MSN00000200,SBN00000601,Fail
MSN00000200,SBN00000602,Fail
MSN00000201,SBN00000603,Fail
MSN00000201,SBN00000604,Fail
MSN00000201,SBN00000605,Fail
MSN00000202,SBN00000606,Pass
MSN00000202,SBN00000607,Pass
MSN00000202,SBN00000608,Pass
MSN00000203,SBN00000609,Pass
MSN00000203,SBN00000610,Pass
MSN00000203,SBN00000611,Pass
MSN00000204,SBN00000612,Pass
MSN00000204,SBN00000613,Pass
MSN00000204,SBN00000614,Pass
MSN00000205,SBN00000615,Pass
MSN00000205,SBN00000616,Pass
MSN00000205,SBN00000617,Pass
MSN00000206,SBN00000618,Pass
MSN00000206,SBN00000619,Pass
MSN00000206,SBN00000620,Pass
MSN00000207,SBN00000621,Pass
MSN00000207,SBN00000622,Pass
MSN00000207,SBN00000623,Pass
MSN00000208,SBN00000624,Pass
MSN00000208,SBN00000625,Pass
MSN00000208,SBN00000626,Pass
MSN00000209,SBN00000627,Fail
MSN00000209,SBN00000628,Fail
MSN00000209,SBN00000629,Fail
MSN00000210,SBN00000630,Fail
MSN00000210,SBN00000631,Fail
MSN00000210,SBN00000632,Fail
MSN00000211,SBN00000633,Pass
MSN00000211,SBN00000634,Pass
MSN00000211,SBN00000635,Pass
MSN00000212,SBN00000636,Pass
MSN00000212,SBN00000637,Pass
MSN00000212,SBN00000638,Pass
MSN00000213,SBN00000639,Pass
MSN00000213,SBN00000640,Pass
MSN00000213,SBN00000641,Pass
MSN00000214,SBN00000642,Pass
MSN00000214,SBN00000643,Pass
MSN00000214,SBN00000644,Pass
MSN00000215,SBN00000645,Fail
MSN00000215,SBN00000646,Fail
MSN00000215,SBN00000647,Fail
MSN00000216,SBN00000648,Pass
MSN00000216,SBN00000649,Pass
MSN00000216,SBN00000650,Pass
MSN00000217,SBN00000651,Pass
MSN00000217,SBN00000652,Pass
MSN00000217,SBN00000653,Pass
MSN00000218,SBN00000654,Fail
MSN00000218,SBN00000655,Fail
MSN00000218,SBN00000656,Fail
MSN00000219,SBN00000657,Pass
MSN00000219,SBN00000658,Pass
MSN00000219,SBN00000659,Pass
MSN00000220,SBN00000660,Pass
MSN00000220,SBN00000661,Pass
MSN00000220,SBN00000662,Pass
MSN00000221,SBN00000663,Pass
MSN00000221,SBN00000664,Pass
MSN00000221,SBN00000665,Pass
MSN00000222,SBN00000666,Pass
MSN00000222,SBN00000667,Pass
MSN00000222,SBN00000668,Pass
MSN00000223,SBN00000669,Pass
MSN00000223,SBN00000670,Pass
MSN00000223,SBN00000671,Pass
MSN00000224,SBN00000672,Fail
MSN00000224,SBN00000673,Fail
MSN00000224,SBN00000674,Fail
MSN00000225,SBN00000675,Pass
MSN00000225,SBN00000676,Pass
MSN00000225,SBN00000677,Pass
MSN00000226,SBN00000678,Fail
MSN00000226,SBN00000679,Fail
MSN00000226,SBN00000680,Fail
MSN00000227,SBN00000681,Pass
MSN00000227,SBN00000682,Pass
MSN00000227,SBN00000683,Pass
MSN00000228,SBN00000684,Pass
MSN00000228,SBN00000685,Pass
MSN00000228,SBN00000686,Pass
MSN00000229,SBN00000687,Pass
MSN00000229,SBN00000688,Pass
MSN00000229,SBN00000689,Pass
MSN00000230,SBN00000690,Pass
MSN00000230,SBN00000691,Pass
MSN00000230,SBN00000692,Pass
MSN00000231,SBN00000693,Fail
MSN00000231,SBN00000694,Fail
MSN00000231,SBN00000695,Fail
MSN00000232,SBN00000696,Fail
MSN00000232,SBN00000697,Fail
MSN00000232,SBN00000698,Fail
MSN00000233,SBN00000699,Pass
MSN00000233,SBN00000700,Pass
MSN00000233,SBN00000701,Pass
MSN00000234,SBN00000702,Pass
MSN00000234,SBN00000703,Pass
MSN00000234,SBN00000704,Pass
MSN00000235,SBN00000705,Pass
MSN00000235,SBN00000706,Pass
MSN00000235,SBN00000707,Pass
MSN00000236,SBN00000708,Pass
MSN00000236,SBN00000709,Pass
MSN00000236,SBN00000710,Pass
MSN00000237,SBN00000711,Pass
MSN00000237,SBN00000712,Pass
MSN00000237,SBN00000713,Pass
MSN00000238,SBN00000714,Pass
MSN00000238,SBN00000715,Pass
MSN00000238,SBN00000716,Pass
MSN00000239,SBN00000717,Pass
MSN00000239,SBN00000718,Pass
MSN00000239,SBN00000719,Pass
MSN00000240,SBN00000720,Pass
MSN00000240,SBN00000721,Pass
MSN00000240,SBN00000722,Pass
MSN00000241,SBN00000723,Pass
MSN00000241,SBN00000724,Pass
MSN00000241,SBN00000725,Pass
MSN00000242,SBN00000726,Pass
MSN00000242,SBN00000727,Pass
MSN00000242,SBN00000728,Pass
MSN00000243,SBN00000729,Pass
MSN00000243,SBN00000730,Pass
MSN00000243,SBN00000731,Pass
MSN00000244,SBN00000732,Pass
MSN00000244,SBN00000733,Pass
MSN00000244,SBN00000734,Pass
MSN00000245,SBN00000735,Pass
MSN00000245,SBN00000736,Pass
MSN00000245,SBN00000737,Pass
MSN00000246,SBN00000738,Pass
MSN00000246,SBN00000739,Pass
MSN00000246,SBN00000740,Pass
MSN00000247,SBN00000741,Pass
MSN00000247,SBN00000742,Pass
MSN00000247,SBN00000743,Pass
MSN00000248,SBN00000744,Pass
MSN00000248,SBN00000745,Pass
MSN00000248,SBN00000746,Pass
MSN00000249,SBN00000747,Pass
MSN00000249,SBN00000748,Pass
MSN00000249,SBN00000749,Pass
MSN00000250,SBN00000750,Fail
MSN00000250,SBN00000751,Fail
MSN00000250,SBN00000752,Fail
MSN00000251,SBN00000753,Pass
MSN00000251,SBN00000754,Pass
MSN00000251,SBN00000755,Pass
MSN00000252,SBN00000756,Fail
MSN00000252,SBN00000757,Fail
MSN00000252,SBN00000758,Fail
MSN00000253,SBN00000759,Pass
MSN00000253,SBN00000760,Pass
MSN00000253,SBN00000761,Pass
MSN00000254,SBN00000762,Pass
MSN00000254,SBN00000763,Pass
MSN00000254,SBN00000764,Pass
MSN00000255,SBN00000765,Pass
MSN00000255,SBN00000766,Pass
MSN00000255,SBN00000767,Pass
MSN00000256,SBN00000768,Fail
MSN00000256,SBN00000769,Fail
MSN00000256,SBN00000770,Fail
MSN00000257,SBN00000771,Pass
MSN00000257,SBN00000772,Pass
MSN00000257,SBN00000773,Pass
MSN00000258,SBN00000774,Fail
MSN00000258,SBN00000775,Fail
MSN00000258,SBN00000776,Fail
MSN00000259,SBN00000777,Pass
MSN00000259,SBN00000778,Pass
MSN00000259,SBN00000779,Pass
MSN00000260,SBN00000780,Pass
MSN00000260,SBN00000781,Pass
MSN00000260,SBN00000782,Pass
MSN00000261,SBN00000783,Fail
MSN00000261,SBN00000784,Fail
MSN00000261,SBN00000785,Fail
MSN00000262,SBN00000786,Pass
MSN00000262,SBN00000787,Pass
MSN00000262,SBN00000788,Pass
MSN00000263,SBN00000789,Pass
MSN00000263,SBN00000790,Pass
MSN00000263,SBN00000791,Pass
MSN00000264,SBN00000792,Pass
MSN00000264,SBN00000793,Pass
MSN00000264,SBN00000794,Pass
MSN00000265,SBN00000795,Pass
MSN00000265,SBN00000796,Pass
MSN00000265,SBN00000797,Pass
MSN00000266,SBN00000798,Fail
MSN00000266,SBN00000799,Fail
MSN00000266,SBN00000800,Fail
MSN00000267,SBN00000801,Pass
MSN00000267,SBN00000802,Pass
MSN00000267,SBN00000803,Pass
MSN00000268,SBN00000804,Fail
MSN00000268,SBN00000805,Fail
MSN00000268,SBN00000806,Fail
MSN00000269,SBN00000807,Pass
MSN00000269,SBN00000808,Pass
MSN00000269,SBN00000809,Pass
MSN00000270,SBN00000810,Pass
MSN00000270,SBN00000811,Pass
MSN00000270,SBN00000812,Pass
MSN00000271,SBN00000813,Fail
MSN00000271,SBN00000814,Fail
MSN00000271,SBN00000815,Fail
MSN00000272,SBN00000816,Pass
MSN00000272,SBN00000817,Pass
MSN00000272,SBN00000818,Pass
MSN00000273,SBN00000819,Pass
MSN00000273,SBN00000820,Pass
MSN00000273,SBN00000821,Pass
MSN00000274,SBN00000822,Fail
MSN00000274,SBN00000823,Fail
MSN00000274,SBN00000824,Fail
MSN00000275,SBN00000825,Pass
MSN00000275,SBN00000826,Pass
MSN00000275,SBN00000827,Pass
MSN00000276,SBN00000828,Pass
MSN00000276,SBN00000829,Pass
MSN00000276,SBN00000830,Pass
MSN00000277,SBN00000831,Pass
MSN00000277,SBN00000832,Pass
MSN00000277,SBN00000833,Pass
MSN00000278,SBN00000834,Fail
MSN00000278,SBN00000835,Fail
MSN00000278,SBN00000836,Fail
MSN00000279,SBN00000837,Pass
MSN00000279,SBN00000838,Pass
MSN00000279,SBN00000839,Pass
MSN00000280,SBN00000840,Fail
MSN00000280,SBN00000841,Fail
MSN00000280,SBN00000842,Fail
MSN00000281,SBN00000843,Pass
MSN00000281,SBN00000844,Pass
MSN00000281,SBN00000845,Pass
MSN00000282,SBN00000846,Pass
MSN00000282,SBN00000847,Pass
MSN00000282,SBN00000848,Pass
MSN00000283,SBN00000849,Pass
MSN00000283,SBN00000850,Pass
MSN00000283,SBN00000851,Pass
MSN00000284,SBN00000852,Pass
MSN00000284,SBN00000853,Pass
MSN00000284,SBN00000854,Pass
MSN00000285,SBN00000855,Fail
MSN00000285,SBN00000856,Fail
MSN00000285,SBN00000857,Fail
MSN00000286,SBN00000858,Pass
MSN00000286,SBN00000859,Pass
MSN00000286,SBN00000860,Pass
MSN00000287,SBN00000861,Pass
MSN00000287,SBN00000862,Pass
MSN00000287,SBN00000863,Pass
MSN00000288,SBN00000864,Fail
MSN00000288,SBN00000865,Fail
MSN00000288,SBN00000866,Fail
MSN00000289,SBN00000867,Pass
MSN00000289,SBN00000868,Pass
MSN00000289,SBN00000869,Pass
MSN00000290,SBN00000870,Pass
MSN00000290,SBN00000871,Pass
MSN00000290,SBN00000872,Pass
MSN00000291,SBN00000873,Pass
MSN00000291,SBN00000874,Pass
MSN00000291,SBN00000875,Pass
MSN00000292,SBN00000876,Pass
MSN00000292,SBN00000877,Pass
MSN00000292,SBN00000878,Pass
MSN00000293,SBN00000879,Pass
MSN00000293,SBN00000880,Pass
MSN00000293,SBN00000881,Pass
MSN00000294,SBN00000882,Pass
MSN00000294,SBN00000883,Pass
MSN00000294,SBN00000884,Pass
MSN00000295,SBN00000885,Pass
MSN00000295,SBN00000886,Pass
MSN00000295,SBN00000887,Pass
MSN00000296,SBN00000888,Pass
MSN00000296,SBN00000889,Pass
MSN00000296,SBN00000890,Pass
MSN00000297,SBN00000891,Pass
MSN00000297,SBN00000892,Pass
MSN00000297,SBN00000893,Pass
MSN00000298,SBN00000894,Pass
MSN00000298,SBN00000895,Pass
MSN00000298,SBN00000896,Pass
MSN00000299,SBN00000897,Pass
MSN00000299,SBN00000898,Pass
MSN00000299,SBN00000899,Pass
MSN00000300,SBN00000900,Fail
MSN00000300,SBN00000901,Fail
MSN00000300,SBN00000902,Fail
MSN00000301,SBN00000903,Pass
MSN00000301,SBN00000904,Pass
MSN00000301,SBN00000905,Pass
MSN00000302,SBN00000906,Pass
MSN00000302,SBN00000907,Pass
MSN00000302,SBN00000908,Pass
MSN00000303,SBN00000909,Pass
MSN00000303,SBN00000910,Pass
MSN00000303,SBN00000911,Pass
MSN00000304,SBN00000912,Fail
MSN00000304,SBN00000913,Fail
MSN00000304,SBN00000914,Fail
MSN00000305,SBN00000915,Pass
MSN00000305,SBN00000916,Pass
MSN00000305,SBN00000917,Pass
MSN00000306,SBN00000918,Pass
MSN00000306,SBN00000919,Pass
MSN00000306,SBN00000920,Pass
MSN00000307,SBN00000921,Fail
MSN00000307,SBN00000922,Fail
MSN00000307,SBN00000923,Fail
MSN00000308,SBN00000924,Fail
MSN00000308,SBN00000925,Fail
MSN00000308,SBN00000926,Fail
MSN00000309,SBN00000927,Pass
MSN00000309,SBN00000928,Pass
MSN00000309,SBN00000929,Pass
MSN00000310,SBN00000930,Fail
MSN00000310,SBN00000931,Fail
MSN00000310,SBN00000932,Fail
MSN00000311,SBN00000933,Pass
MSN00000311,SBN00000934,Pass
MSN00000311,SBN00000935,Pass
MSN00000312,SBN00000936,Pass
MSN00000312,SBN00000937,Pass
MSN00000312,SBN00000938,Pass
MSN00000313,SBN00000939,Pass
MSN00000313,SBN00000940,Pass
MSN00000313,SBN00000941,Pass
MSN00000314,SBN00000942,Fail
MSN00000314,SBN00000943,Fail
MSN00000314,SBN00000944,Fail
MSN00000315,SBN00000945,Fail
MSN00000315,SBN00000946,Fail
MSN00000315,SBN00000947,Fail
MSN00000316,SBN00000948,Pass
MSN00000316,SBN00000949,Pass
MSN00000316,SBN00000950,Pass
MSN00000317,SBN00000951,Pass
MSN00000317,SBN00000952,Pass
MSN00000317,SBN00000953,Pass
MSN00000318,SBN00000954,Pass
MSN00000318,SBN00000955,Pass
MSN00000318,SBN00000956,Pass
MSN00000319,SBN00000957,Fail
MSN00000319,SBN00000958,Fail
MSN00000319,SBN00000959,Fail
MSN00000320,SBN00000960,Fail
MSN00000320,SBN00000961,Fail
MSN00000320,SBN00000962,Fail
MSN00000321,SBN00000963,Pass
MSN00000321,SBN00000964,Pass
MSN00000321,SBN00000965,Pass
MSN00000322,SBN00000966,Pass
MSN00000322,SBN00000967,Pass
MSN00000322,SBN00000968,Pass
MSN00000323,SBN00000969,Pass
MSN00000323,SBN00000970,Pass
MSN00000323,SBN00000971,Pass
MSN00000324,SBN00000972,Pass
MSN00000324,SBN00000973,Pass
MSN00000324,SBN00000974,Pass
MSN00000325,SBN00000975,Pass
MSN00000325,SBN00000976,Pass
MSN00000325,SBN00000977,Pass
MSN00000326,SBN00000978,Pass
MSN00000326,SBN00000979,Pass
MSN00000326,SBN00000980,Pass
MSN00000327,SBN00000981,Pass
MSN00000327,SBN00000982,Pass
MSN00000327,SBN00000983,Pass
MSN00000328,SBN00000984,Fail
MSN00000328,SBN00000985,Fail
MSN00000328,SBN00000986,Fail
MSN00000329,SBN00000987,Pass
MSN00000329,SBN00000988,Pass
MSN00000329,SBN00000989,Pass
MSN00000330,SBN00000990,Fail
MSN00000330,SBN00000991,Fail
MSN00000330,SBN00000992,Fail
MSN00000331,SBN00000993,Pass
MSN00000331,SBN00000994,Pass
MSN00000331,SBN00000995,Pass
MSN00000332,SBN00000996,Pass
MSN00000332,SBN00000997,Pass
MSN00000332,SBN00000998,Pass
MSN00000333,SBN00000999,Pass
MSN00000333,SBN00001000,Pass
MSN00000333,SBN00001001,Pass
MSN00000334,SBN00001002,Pass
MSN00000334,SBN00001003,Pass
MSN00000334,SBN00001004,Pass
MSN00000335,SBN00001005,Fail
MSN00000335,SBN00001006,Fail
MSN00000335,SBN00001007,Fail
MSN00000336,SBN00001008,Pass
MSN00000336,SBN00001009,Pass
MSN00000336,SBN00001010,Pass
MSN00000337,SBN00001011,Pass
MSN00000337,SBN00001012,Pass
MSN00000337,SBN00001013,Pass
MSN00000338,SBN00001014,Pass
MSN00000338,SBN00001015,Pass
MSN00000338,SBN00001016,Pass
MSN00000339,SBN00001017,Pass
MSN00000339,SBN00001018,Pass
MSN00000339,SBN00001019,Pass
MSN00000340,SBN00001020,Pass
MSN00000340,SBN00001021,Pass
MSN00000340,SBN00001022,Pass
MSN00000341,SBN00001023,Pass
MSN00000341,SBN00001024,Pass
MSN00000341,SBN00001025,Pass
MSN00000342,SBN00001026,Fail
MSN00000342,SBN00001027,Fail
MSN00000342,SBN00001028,Fail
MSN00000343,SBN00001029,Pass
MSN00000343,SBN00001030,Pass
MSN00000343,SBN00001031,Pass
MSN00000344,SBN00001032,Pass
MSN00000344,SBN00001033,Pass
MSN00000344,SBN00001034,Pass
MSN00000345,SBN00001035,Pass
MSN00000345,SBN00001036,Pass
MSN00000345,SBN00001037,Pass
MSN00000346,SBN00001038,Fail
MSN00000346,SBN00001039,Fail
MSN00000346,SBN00001040,Fail
MSN00000347,SBN00001041,Pass
MSN00000347,SBN00001042,Pass
MSN00000347,SBN00001043,Pass
MSN00000348,SBN00001044,Fail
MSN00000348,SBN00001045,Fail
MSN00000348,SBN00001046,Fail
MSN00000349,SBN00001047,Pass
MSN00000349,SBN00001048,Pass
MSN00000349,SBN00001049,Pass
MSN00000350,SBN00001050,Pass
MSN00000350,SBN00001051,Pass
MSN00000350,SBN00001052,Pass
MSN00000351,SBN00001053,Fail
MSN00000351,SBN00001054,Fail
MSN00000351,SBN00001055,Fail
MSN00000352,SBN00001056,Pass
MSN00000352,SBN00001057,Pass
MSN00000352,SBN00001058,Pass
MSN00000353,SBN00001059,Pass
MSN00000353,SBN00001060,Pass
MSN00000353,SBN00001061,Pass
MSN00000354,SBN00001062,Pass
MSN00000354,SBN00001063,Pass
MSN00000354,SBN00001064,Pass
MSN00000355,SBN00001065,Pass
MSN00000355,SBN00001066,Pass
MSN00000355,SBN00001067,Pass
MSN00000356,SBN00001068,Pass
MSN00000356,SBN00001069,Pass
MSN00000356,SBN00001070,Pass
MSN00000357,SBN00001071,Pass
MSN00000357,SBN00001072,Pass
MSN00000357,SBN00001073,Pass
MSN00000358,SBN00001074,Pass
MSN00000358,SBN00001075,Pass
MSN00000358,SBN00001076,Pass
MSN00000359,SBN00001077,Fail
MSN00000359,SBN00001078,Fail
MSN00000359,SBN00001079,Fail
MSN00000360,SBN00001080,Pass
MSN00000360,SBN00001081,Pass
MSN00000360,SBN00001082,Pass
MSN00000361,SBN00001083,Pass
MSN00000361,SBN00001084,Pass
MSN00000361,SBN00001085,Pass
MSN00000362,SBN00001086,Fail
MSN00000362,SBN00001087,Fail
MSN00000362,SBN00001088,Fail
MSN00000363,SBN00001089,Pass
MSN00000363,SBN00001090,Pass
MSN00000363,SBN00001091,Pass
MSN00000364,SBN00001092,Fail
MSN00000364,SBN00001093,Fail
MSN00000364,SBN00001094,Fail
MSN00000365,SBN00001095,Pass
MSN00000365,SBN00001096,Pass
MSN00000365,SBN00001097,Pass
MSN00000366,SBN00001098,Fail
MSN00000366,SBN00001099,Fail
MSN00000366,SBN00001100,Fail
MSN00000367,SBN00001101,Pass
MSN00000367,SBN00001102,Pass
MSN00000367,SBN00001103,Pass
MSN00000368,SBN00001104,Fail
MSN00000368,SBN00001105,Fail
MSN00000368,SBN00001106,Fail
MSN00000369,SBN00001107,Pass
MSN00000369,SBN00001108,Pass
MSN00000369,SBN00001109,Pass
MSN00000370,SBN00001110,Pass
MSN00000370,SBN00001111,Pass
MSN00000370,SBN00001112,Pass
MSN00000371,SBN00001113,Pass
MSN00000371,SBN00001114,Pass
MSN00000371,SBN00001115,Pass
MSN00000372,SBN00001116,Pass
MSN00000372,SBN00001117,Pass
MSN00000372,SBN00001118,Pass
MSN00000373,SBN00001119,Pass
MSN00000373,SBN00001120,Pass
MSN00000373,SBN00001121,Pass
MSN00000374,SBN00001122,Fail
MSN00000374,SBN00001123,Fail
MSN00000374,SBN00001124,Fail
MSN00000375,SBN00001125,Pass
MSN00000375,SBN00001126,Pass
MSN00000375,SBN00001127,Pass
MSN00000376,SBN00001128,Pass
MSN00000376,SBN00001129,Pass
MSN00000376,SBN00001130,Pass
MSN00000377,SBN00001131,Pass
MSN00000377,SBN00001132,Pass
MSN00000377,SBN00001133,Pass
MSN00000378,SBN00001134,Pass
MSN00000378,SBN00001135,Pass
MSN00000378,SBN00001136,Pass
MSN00000379,SBN00001137,Fail
MSN00000379,SBN00001138,Fail
MSN00000379,SBN00001139,Fail
MSN00000380,SBN00001140,Pass
MSN00000380,SBN00001141,Pass
MSN00000380,SBN00001142,Pass
MSN00000381,SBN00001143,Pass
MSN00000381,SBN00001144,Pass
MSN00000381,SBN00001145,Pass
MSN00000382,SBN00001146,Fail
MSN00000382,SBN00001147,Fail
MSN00000382,SBN00001148,Fail
MSN00000383,SBN00001149,Fail
MSN00000383,SBN00001150,Fail
MSN00000383,SBN00001151,Fail
MSN00000384,SBN00001152,Pass
MSN00000384,SBN00001153,Pass
MSN00000384,SBN00001154,Pass
MSN00000385,SBN00001155,Fail
MSN00000385,SBN00001156,Fail
MSN00000385,SBN00001157,Fail
MSN00000386,SBN00001158,Pass
MSN00000386,SBN00001159,Pass
MSN00000386,SBN00001160,Pass
MSN00000387,SBN00001161,Pass
MSN00000387,SBN00001162,Pass
MSN00000387,SBN00001163,Pass
MSN00000388,SBN00001164,Pass
MSN00000388,SBN00001165,Pass
MSN00000388,SBN00001166,Pass
MSN00000389,SBN00001167,Fail
MSN00000389,SBN00001168,Fail
MSN00000389,SBN00001169,Fail
MSN00000390,SBN00001170,Fail
MSN00000390,SBN00001171,Fail
MSN00000390,SBN00001172,Fail
MSN00000391,SBN00001173,Pass
MSN00000391,SBN00001174,Pass
MSN00000391,SBN00001175,Pass
MSN00000392,SBN00001176,Pass
MSN00000392,SBN00001177,Pass
MSN00000392,SBN00001178,Pass
MSN00000393,SBN00001179,Pass
MSN00000393,SBN00001180,Pass
MSN00000393,SBN00001181,Pass
MSN00000394,SBN00001182,Pass
MSN00000394,SBN00001183,Pass
MSN00000394,SBN00001184,Pass
MSN00000395,SBN00001185,Pass
MSN00000395,SBN00001186,Pass
MSN00000395,SBN00001187,Pass
MSN00000396,SBN00001188,Pass
MSN00000396,SBN00001189,Pass
MSN00000396,SBN00001190,Pass
MSN00000397,SBN00001191,Pass
MSN00000397,SBN00001192,Pass
MSN00000397,SBN00001193,Pass
MSN00000398,SBN00001194,Pass
MSN00000398,SBN00001195,Pass
MSN00000398,SBN00001196,Pass
MSN00000399,SBN00001197,Pass
MSN00000399,SBN00001198,Pass
MSN00000399,SBN00001199,Pass
MSN00000400,SBN00001200,Fail
MSN00000400,SBN00001201,Fail
MSN00000400,SBN00001202,Fail
MSN00000401,SBN00001203,Pass
MSN00000401,SBN00001204,Pass
MSN00000401,SBN00001205,Pass
MSN00000402,SBN00001206,Pass
MSN00000402,SBN00001207,Pass
MSN00000402,SBN00001208,Pass
MSN00000403,SBN00001209,Fail
MSN00000403,SBN00001210,Fail
MSN00000403,SBN00001211,Fail
MSN00000404,SBN00001212,Pass
MSN00000404,SBN00001213,Pass
MSN00000404,SBN00001214,Pass
MSN00000405,SBN00001215,Pass
MSN00000405,SBN00001216,Pass
MSN00000405,SBN00001217,Pass
MSN00000406,SBN00001218,Pass
MSN00000406,SBN00001219,Pass
MSN00000406,SBN00001220,Pass
MSN00000407,SBN00001221,Pass
MSN00000407,SBN00001222,Pass
MSN00000407,SBN00001223,Pass
MSN00000408,SBN00001224,Pass
MSN00000408,SBN00001225,Pass
MSN00000408,SBN00001226,Pass
MSN00000409,SBN00001227,Fail
MSN00000409,SBN00001228,Fail
MSN00000409,SBN00001229,Fail
MSN00000410,SBN00001230,Pass
MSN00000410,SBN00001231,Pass
MSN00000410,SBN00001232,Pass
MSN00000411,SBN00001233,Fail
MSN00000411,SBN00001234,Fail
MSN00000411,SBN00001235,Fail
MSN00000412,SBN00001236,Pass
MSN00000412,SBN00001237,Pass
MSN00000412,SBN00001238,Pass
MSN00000413,SBN00001239,Fail
MSN00000413,SBN00001240,Fail
MSN00000413,SBN00001241,Fail
MSN00000414,SBN00001242,Pass
MSN00000414,SBN00001243,Pass
MSN00000414,SBN00001244,Pass
MSN00000415,SBN00001245,Pass
MSN00000415,SBN00001246,Pass
MSN00000415,SBN00001247,Pass
MSN00000416,SBN00001248,Pass
MSN00000416,SBN00001249,Pass
MSN00000416,SBN00001250,Pass
MSN00000417,SBN00001251,Pass
MSN00000417,SBN00001252,Pass
MSN00000417,SBN00001253,Pass
MSN00000418,SBN00001254,Fail
MSN00000418,SBN00001255,Fail
MSN00000418,SBN00001256,Fail
MSN00000419,SBN00001257,Fail
MSN00000419,SBN00001258,Fail
MSN00000419,SBN00001259,Fail
MSN00000420,SBN00001260,Pass
MSN00000420,SBN00001261,Pass
MSN00000420,SBN00001262,Pass
MSN00000421,SBN00001263,Pass
MSN00000421,SBN00001264,Pass
MSN00000421,SBN00001265,Pass
MSN00000422,SBN00001266,Pass
MSN00000422,SBN00001267,Pass
MSN00000422,SBN00001268,Pass
MSN00000423,SBN00001269,Pass
MSN00000423,SBN00001270,Pass
MSN00000423,SBN00001271,Pass
MSN00000424,SBN00001272,Pass
MSN00000424,SBN00001273,Pass
MSN00000424,SBN00001274,Pass
MSN00000425,SBN00001275,Pass
MSN00000425,SBN00001276,Pass
MSN00000425,SBN00001277,Pass
MSN00000426,SBN00001278,Pass
MSN00000426,SBN00001279,Pass
MSN00000426,SBN00001280,Pass
MSN00000427,SBN00001281,Pass
MSN00000427,SBN00001282,Pass
MSN00000427,SBN00001283,Pass
MSN00000428,SBN00001284,Pass
MSN00000428,SBN00001285,Pass
MSN00000428,SBN00001286,Pass
MSN00000429,SBN00001287,Fail
MSN00000429,SBN00001288,Fail
MSN00000429,SBN00001289,Fail
MSN00000430,SBN00001290,Fail
MSN00000430,SBN00001291,Fail
MSN00000430,SBN00001292,Fail
MSN00000431,SBN00001293,Pass
MSN00000431,SBN00001294,Pass
MSN00000431,SBN00001295,Pass
MSN00000432,SBN00001296,Pass
MSN00000432,SBN00001297,Pass
MSN00000432,SBN00001298,Pass
MSN00000433,SBN00001299,Pass
MSN00000433,SBN00001300,Pass
MSN00000433,SBN00001301,Pass
MSN00000434,SBN00001302,Pass
MSN00000434,SBN00001303,Pass
MSN00000434,SBN00001304,Pass
MSN00000435,SBN00001305,Pass
MSN00000435,SBN00001306,Pass
MSN00000435,SBN00001307,Pass
MSN00000436,SBN00001308,Pass
MSN00000436,SBN00001309,Pass
MSN00000436,SBN00001310,Pass
MSN00000437,SBN00001311,Pass
MSN00000437,SBN00001312,Pass
MSN00000437,SBN00001313,Pass
MSN00000438,SBN00001314,Pass
MSN00000438,SBN00001315,Pass
MSN00000438,SBN00001316,Pass
MSN00000439,SBN00001317,Pass
MSN00000439,SBN00001318,Pass
MSN00000439,SBN00001319,Pass
MSN00000440,SBN00001320,Pass
MSN00000440,SBN00001321,Pass
MSN00000440,SBN00001322,Pass
MSN00000441,SBN00001323,Pass
MSN00000441,SBN00001324,Pass
MSN00000441,SBN00001325,Pass
MSN00000442,SBN00001326,Pass
MSN00000442,SBN00001327,Pass
MSN00000442,SBN00001328,Pass
MSN00000443,SBN00001329,Pass
MSN00000443,SBN00001330,Pass
MSN00000443,SBN00001331,Pass
MSN00000444,SBN00001332,Fail
MSN00000444,SBN00001333,Fail
MSN00000444,SBN00001334,Fail
MSN00000445,SBN00001335,Fail
MSN00000445,SBN00001336,Fail
MSN00000445,SBN00001337,Fail
MSN00000446,SBN00001338,Pass
MSN00000446,SBN00001339,Pass
MSN00000446,SBN00001340,Pass
MSN00000447,SBN00001341,Pass
MSN00000447,SBN00001342,Pass
MSN00000447,SBN00001343,Pass
MSN00000448,SBN00001344,Pass
MSN00000448,SBN00001345,Pass
MSN00000448,SBN00001346,Pass
MSN00000449,SBN00001347,Pass
MSN00000449,SBN00001348,Pass
MSN00000449,SBN00001349,Pass
MSN00000450,SBN00001350,Pass
MSN00000450,SBN00001351,Pass
MSN00000450,SBN00001352,Pass
MSN00000451,SBN00001353,Pass
MSN00000451,SBN00001354,Pass
MSN00000451,SBN00001355,Pass
MSN00000452,SBN00001356,Pass
MSN00000452,SBN00001357,Pass
MSN00000452,SBN00001358,Pass
MSN00000453,SBN00001359,Pass
MSN00000453,SBN00001360,Pass
MSN00000453,SBN00001361,Pass
MSN00000454,SBN00001362,Pass
MSN00000454,SBN00001363,Pass
MSN00000454,SBN00001364,Pass
MSN00000455,SBN00001365,Fail
MSN00000455,SBN00001366,Fail
MSN00000455,SBN00001367,Fail
MSN00000456,SBN00001368,Pass
MSN00000456,SBN00001369,Pass
MSN00000456,SBN00001370,Pass
MSN00000457,SBN00001371,Pass
MSN00000457,SBN00001372,Pass
MSN00000457,SBN00001373,Pass
MSN00000458,SBN00001374,Pass
MSN00000458,SBN00001375,Pass
MSN00000458,SBN00001376,Pass
MSN00000459,SBN00001377,Pass
MSN00000459,SBN00001378,Pass
MSN00000459,SBN00001379,Pass
MSN00000460,SBN00001380,Pass
MSN00000460,SBN00001381,Pass
MSN00000460,SBN00001382,Pass
MSN00000461,SBN00001383,Pass
MSN00000461,SBN00001384,Pass
MSN00000461,SBN00001385,Pass
MSN00000462,SBN00001386,Fail
MSN00000462,SBN00001387,Fail
MSN00000462,SBN00001388,Fail
MSN00000463,SBN00001389,Pass
MSN00000463,SBN00001390,Pass
MSN00000463,SBN00001391,Pass
MSN00000464,SBN00001392,Pass
MSN00000464,SBN00001393,Pass
MSN00000464,SBN00001394,Pass
MSN00000465,SBN00001395,Pass
MSN00000465,SBN00001396,Pass
MSN00000465,SBN00001397,Pass
MSN00000466,SBN00001398,Pass
MSN00000466,SBN00001399,Pass
MSN00000466,SBN00001400,Pass
MSN00000467,SBN00001401,Pass
MSN00000467,SBN00001402,Pass
MSN00000467,SBN00001403,Pass
MSN00000468,SBN00001404,Pass
MSN00000468,SBN00001405,Pass
MSN00000468,SBN00001406,Pass
MSN00000469,SBN00001407,Fail
MSN00000469,SBN00001408,Fail
MSN00000469,SBN00001409,Fail
MSN00000470,SBN00001410,Pass
MSN00000470,SBN00001411,Pass
MSN00000470,SBN00001412,Pass
MSN00000471,SBN00001413,Pass
MSN00000471,SBN00001414,Pass
MSN00000471,SBN00001415,Pass
MSN00000472,SBN00001416,Fail
MSN00000472,SBN00001417,Fail
MSN00000472,SBN00001418,Fail
MSN00000473,SBN00001419,Pass
MSN00000473,SBN00001420,Pass
MSN00000473,SBN00001421,Pass
MSN00000474,SBN00001422,Pass
MSN00000474,SBN00001423,Pass
MSN00000474,SBN00001424,Pass
MSN00000475,SBN00001425,Pass
MSN00000475,SBN00001426,Pass
MSN00000475,SBN00001427,Pass
MSN00000476,SBN00001428,Fail
MSN00000476,SBN00001429,Fail
MSN00000476,SBN00001430,Fail
MSN00000477,SBN00001431,Pass
MSN00000477,SBN00001432,Pass
MSN00000477,SBN00001433,Pass
MSN00000478,SBN00001434,Pass
MSN00000478,SBN00001435,Pass
MSN00000478,SBN00001436,Pass
MSN00000479,SBN00001437,Pass
MSN00000479,SBN00001438,Pass
MSN00000479,SBN00001439,Pass
MSN00000480,SBN00001440,Pass
MSN00000480,SBN00001441,Pass
MSN00000480,SBN00001442,Pass
MSN00000481,SBN00001443,Pass
MSN00000481,SBN00001444,Pass
MSN00000481,SBN00001445,Pass
MSN00000482,SBN00001446,Pass
MSN00000482,SBN00001447,Pass
MSN00000482,SBN00001448,Pass
MSN00000483,SBN00001449,Pass
MSN00000483,SBN00001450,Pass
MSN00000483,SBN00001451,Pass
MSN00000484,SBN00001452,Pass
MSN00000484,SBN00001453,Pass
MSN00000484,SBN00001454,Pass
MSN00000485,SBN00001455,Fail
MSN00000485,SBN00001456,Fail
MSN00000485,SBN00001457,Fail
MSN00000486,SBN00001458,Fail
MSN00000486,SBN00001459,Fail
MSN00000486,SBN00001460,Fail
MSN00000487,SBN00001461,Fail
MSN00000487,SBN00001462,Fail
MSN00000487,SBN00001463,Fail
MSN00000488,SBN00001464,Fail
MSN00000488,SBN00001465,Fail
MSN00000488,SBN00001466,Fail
MSN00000489,SBN00001467,Fail
MSN00000489,SBN00001468,Fail
MSN00000489,SBN00001469,Fail
MSN00000490,SBN00001470,Fail
MSN00000490,SBN00001471,Fail
MSN00000490,SBN00001472,Fail
MSN00000491,SBN00001473,Fail
MSN00000491,SBN00001474,Fail
MSN00000491,SBN00001475,Fail
MSN00000492,SBN00001476,Pass
MSN00000492,SBN00001477,Pass
MSN00000492,SBN00001478,Pass
MSN00000493,SBN00001479,Pass
MSN00000493,SBN00001480,Pass
MSN00000493,SBN00001481,Pass
MSN00000494,SBN00001482,Fail
MSN00000494,SBN00001483,Fail
MSN00000494,SBN00001484,Fail
MSN00000495,SBN00001485,Pass
MSN00000495,SBN00001486,Pass
MSN00000495,SBN00001487,Pass
MSN00000496,SBN00001488,Pass
MSN00000496,SBN00001489,Pass
MSN00000496,SBN00001490,Pass
MSN00000497,SBN00001491,Pass
MSN00000497,SBN00001492,Pass
MSN00000497,SBN00001493,Pass
MSN00000498,SBN00001494,Pass
MSN00000498,SBN00001495,Pass
MSN00000498,SBN00001496,Pass
MSN00000499,SBN00001497,Pass
MSN00000499,SBN00001498,Pass
MSN00000499,SBN00001499,Pass
MSN00000500,SBN00001500,Pass
MSN00000500,SBN00001501,Pass
MSN00000500,SBN00001502,Pass
MSN00000501,SBN00001503,Fail
MSN00000501,SBN00001504,Fail
MSN00000501,SBN00001505,Fail
MSN00000502,SBN00001506,Pass
MSN00000502,SBN00001507,Pass
MSN00000502,SBN00001508,Pass
MSN00000503,SBN00001509,Pass
MSN00000503,SBN00001510,Pass
MSN00000503,SBN00001511,Pass
MSN00000504,SBN00001512,Pass
MSN00000504,SBN00001513,Pass
MSN00000504,SBN00001514,Pass
MSN00000505,SBN00001515,Fail
MSN00000505,SBN00001516,Fail
MSN00000505,SBN00001517,Fail
MSN00000506,SBN00001518,Pass
MSN00000506,SBN00001519,Pass
MSN00000506,SBN00001520,Pass
MSN00000507,SBN00001521,Pass
MSN00000507,SBN00001522,Pass
MSN00000507,SBN00001523,Pass
MSN00000508,SBN00001524,Pass
MSN00000508,SBN00001525,Pass
MSN00000508,SBN00001526,Pass
MSN00000509,SBN00001527,Fail
MSN00000509,SBN00001528,Fail
MSN00000509,SBN00001529,Fail
MSN00000510,SBN00001530,Fail
MSN00000510,SBN00001531,Fail
MSN00000510,SBN00001532,Fail
MSN00000511,SBN00001533,Pass
MSN00000511,SBN00001534,Pass
MSN00000511,SBN00001535,Pass
MSN00000512,SBN00001536,Pass
MSN00000512,SBN00001537,Pass
MSN00000512,SBN00001538,Pass
MSN00000513,SBN00001539,Pass
MSN00000513,SBN00001540,Pass
MSN00000513,SBN00001541,Pass
MSN00000514,SBN00001542,Pass
MSN00000514,SBN00001543,Pass
MSN00000514,SBN00001544,Pass
MSN00000515,SBN00001545,Pass
MSN00000515,SBN00001546,Pass
MSN00000515,SBN00001547,Pass
MSN00000516,SBN00001548,Pass
MSN00000516,SBN00001549,Pass
MSN00000516,SBN00001550,Pass
MSN00000517,SBN00001551,Pass
MSN00000517,SBN00001552,Pass
MSN00000517,SBN00001553,Pass
MSN00000518,SBN00001554,Pass
MSN00000518,SBN00001555,Pass
MSN00000518,SBN00001556,Pass
MSN00000519,SBN00001557,Pass
MSN00000519,SBN00001558,Pass
MSN00000519,SBN00001559,Pass
MSN00000520,SBN00001560,Pass
MSN00000520,SBN00001561,Pass
MSN00000520,SBN00001562,Pass
MSN00000521,SBN00001563,Pass
MSN00000521,SBN00001564,Pass
MSN00000521,SBN00001565,Pass
MSN00000522,SBN00001566,Fail
MSN00000522,SBN00001567,Fail
MSN00000522,SBN00001568,Fail
MSN00000523,SBN00001569,Pass
MSN00000523,SBN00001570,Pass
MSN00000523,SBN00001571,Pass
MSN00000524,SBN00001572,Pass
MSN00000524,SBN00001573,Pass
MSN00000524,SBN00001574,Pass
MSN00000525,SBN00001575,Fail
MSN00000525,SBN00001576,Fail
MSN00000525,SBN00001577,Fail
MSN00000526,SBN00001578,Fail
MSN00000526,SBN00001579,Fail
MSN00000526,SBN00001580,Fail
MSN00000527,SBN00001581,Fail
MSN00000527,SBN00001582,Fail
MSN00000527,SBN00001583,Fail
MSN00000528,SBN00001584,Fail
MSN00000528,SBN00001585,Fail
MSN00000528,SBN00001586,Fail
MSN00000529,SBN00001587,Pass
MSN00000529,SBN00001588,Pass
MSN00000529,SBN00001589,Pass
MSN00000530,SBN00001590,Pass
MSN00000530,SBN00001591,Pass
MSN00000530,SBN00001592,Pass
MSN00000531,SBN00001593,Pass
MSN00000531,SBN00001594,Pass
MSN00000531,SBN00001595,Pass
MSN00000532,SBN00001596,Pass
MSN00000532,SBN00001597,Pass
MSN00000532,SBN00001598,Pass
MSN00000533,SBN00001599,Pass
MSN00000533,SBN00001600,Pass
MSN00000533,SBN00001601,Pass
MSN00000534,SBN00001602,Pass
MSN00000534,SBN00001603,Pass
MSN00000534,SBN00001604,Pass
MSN00000535,SBN00001605,Pass
MSN00000535,SBN00001606,Pass
MSN00000535,SBN00001607,Pass
MSN00000536,SBN00001608,Fail
MSN00000536,SBN00001609,Fail
MSN00000536,SBN00001610,Fail
MSN00000537,SBN00001611,Pass
MSN00000537,SBN00001612,Pass
MSN00000537,SBN00001613,Pass
MSN00000538,SBN00001614,Fail
MSN00000538,SBN00001615,Fail
MSN00000538,SBN00001616,Fail
MSN00000539,SBN00001617,Pass
MSN00000539,SBN00001618,Pass
MSN00000539,SBN00001619,Pass
MSN00000540,SBN00001620,Pass
MSN00000540,SBN00001621,Pass
MSN00000540,SBN00001622,Pass
MSN00000541,SBN00001623,Pass
MSN00000541,SBN00001624,Pass
MSN00000541,SBN00001625,Pass
MSN00000542,SBN00001626,Fail
MSN00000542,SBN00001627,Fail
MSN00000542,SBN00001628,Fail
MSN00000543,SBN00001629,Pass
MSN00000543,SBN00001630,Pass
MSN00000543,SBN00001631,Pass
MSN00000544,SBN00001632,Pass
MSN00000544,SBN00001633,Pass
MSN00000544,SBN00001634,Pass
MSN00000545,SBN00001635,Pass
MSN00000545,SBN00001636,Pass
MSN00000545,SBN00001637,Pass
MSN00000546,SBN00001638,Pass
MSN00000546,SBN00001639,Pass
MSN00000546,SBN00001640,Pass
MSN00000547,SBN00001641,Pass
MSN00000547,SBN00001642,Pass
MSN00000547,SBN00001643,Pass
MSN00000548,SBN00001644,Pass
MSN00000548,SBN00001645,Pass
MSN00000548,SBN00001646,Pass
MSN00000549,SBN00001647,Pass
MSN00000549,SBN00001648,Pass
MSN00000549,SBN00001649,Pass
MSN00000550,SBN00001650,Pass
MSN00000550,SBN00001651,Pass
MSN00000550,SBN00001652,Pass
MSN00000551,SBN00001653,Fail
MSN00000551,SBN00001654,Fail
MSN00000551,SBN00001655,Fail
MSN00000552,SBN00001656,Pass
MSN00000552,SBN00001657,Pass
MSN00000552,SBN00001658,Pass
MSN00000553,SBN00001659,Pass
MSN00000553,SBN00001660,Pass
MSN00000553,SBN00001661,Pass
MSN00000554,SBN00001662,Pass
MSN00000554,SBN00001663,Pass
MSN00000554,SBN00001664,Pass
MSN00000555,SBN00001665,Fail
MSN00000555,SBN00001666,Fail
MSN00000555,SBN00001667,Fail
MSN00000556,SBN00001668,Pass
MSN00000556,SBN00001669,Pass
MSN00000556,SBN00001670,Pass
MSN00000557,SBN00001671,Fail
MSN00000557,SBN00001672,Fail
MSN00000557,SBN00001673,Fail
MSN00000558,SBN00001674,Pass
MSN00000558,SBN00001675,Pass
MSN00000558,SBN00001676,Pass
MSN00000559,SBN00001677,Pass
MSN00000559,SBN00001678,Pass
MSN00000559,SBN00001679,Pass
MSN00000560,SBN00001680,Fail
MSN00000560,SBN00001681,Fail
MSN00000560,SBN00001682,Fail
MSN00000561,SBN00001683,Pass
MSN00000561,SBN00001684,Pass
MSN00000561,SBN00001685,Pass
MSN00000562,SBN00001686,Pass
MSN00000562,SBN00001687,Pass
MSN00000562,SBN00001688,Pass
MSN00000563,SBN00001689,Pass
MSN00000563,SBN00001690,Pass
MSN00000563,SBN00001691,Pass
MSN00000564,SBN00001692,Fail
MSN00000564,SBN00001693,Fail
MSN00000564,SBN00001694,Fail
MSN00000565,SBN00001695,Pass
MSN00000565,SBN00001696,Pass
MSN00000565,SBN00001697,Pass
MSN00000566,SBN00001698,Fail
MSN00000566,SBN00001699,Fail
MSN00000566,SBN00001700,Fail
MSN00000567,SBN00001701,Fail
MSN00000567,SBN00001702,Fail
MSN00000567,SBN00001703,Fail
MSN00000568,SBN00001704,Pass
MSN00000568,SBN00001705,Pass
MSN00000568,SBN00001706,Pass
MSN00000569,SBN00001707,Pass
MSN00000569,SBN00001708,Pass
MSN00000569,SBN00001709,Pass
MSN00000570,SBN00001710,Fail
MSN00000570,SBN00001711,Fail
MSN00000570,SBN00001712,Fail
MSN00000571,SBN00001713,Pass
MSN00000571,SBN00001714,Pass
MSN00000571,SBN00001715,Pass
MSN00000572,SBN00001716,Fail
MSN00000572,SBN00001717,Fail
MSN00000572,SBN00001718,Fail
MSN00000573,SBN00001719,Fail
MSN00000573,SBN00001720,Fail
MSN00000573,SBN00001721,Fail
MSN00000574,SBN00001722,Pass
MSN00000574,SBN00001723,Pass
MSN00000574,SBN00001724,Pass
MSN00000575,SBN00001725,Fail
MSN00000575,SBN00001726,Fail
MSN00000575,SBN00001727,Fail
MSN00000576,SBN00001728,Pass
MSN00000576,SBN00001729,Pass
MSN00000576,SBN00001730,Pass
MSN00000577,SBN00001731,Fail
MSN00000577,SBN00001732,Fail
MSN00000577,SBN00001733,Fail
MSN00000578,SBN00001734,Fail
MSN00000578,SBN00001735,Fail
MSN00000578,SBN00001736,Fail
MSN00000579,SBN00001737,Fail
MSN00000579,SBN00001738,Fail
MSN00000579,SBN00001739,Fail
MSN00000580,SBN00001740,Pass
MSN00000580,SBN00001741,Pass
MSN00000580,SBN00001742,Pass
MSN00000581,SBN00001743,Pass
MSN00000581,SBN00001744,Pass
MSN00000581,SBN00001745,Pass
MSN00000582,SBN00001746,Pass
MSN00000582,SBN00001747,Pass
MSN00000582,SBN00001748,Pass
MSN00000583,SBN00001749,Pass
MSN00000583,SBN00001750,Pass
MSN00000583,SBN00001751,Pass
MSN00000584,SBN00001752,Pass
MSN00000584,SBN00001753,Pass
MSN00000584,SBN00001754,Pass
MSN00000585,SBN00001755,Fail
MSN00000585,SBN00001756,Fail
MSN00000585,SBN00001757,Fail
MSN00000586,SBN00001758,Fail
MSN00000586,SBN00001759,Fail
MSN00000586,SBN00001760,Fail
MSN00000587,SBN00001761,Fail
MSN00000587,SBN00001762,Fail
MSN00000587,SBN00001763,Fail
MSN00000588,SBN00001764,Pass
MSN00000588,SBN00001765,Pass
MSN00000588,SBN00001766,Pass
MSN00000589,SBN00001767,Pass
MSN00000589,SBN00001768,Pass
MSN00000589,SBN00001769,Pass
MSN00000590,SBN00001770,Pass
MSN00000590,SBN00001771,Pass
MSN00000590,SBN00001772,Pass
MSN00000591,SBN00001773,Pass
MSN00000591,SBN00001774,Pass
MSN00000591,SBN00001775,Pass
MSN00000592,SBN00001776,Fail
MSN00000592,SBN00001777,Fail
MSN00000592,SBN00001778,Fail
MSN00000593,SBN00001779,Fail
MSN00000593,SBN00001780,Fail
MSN00000593,SBN00001781,Fail
MSN00000594,SBN00001782,Fail
MSN00000594,SBN00001783,Fail
MSN00000594,SBN00001784,Fail
MSN00000595,SBN00001785,Fail
MSN00000595,SBN00001786,Fail
MSN00000595,SBN00001787,Fail
MSN00000596,SBN00001788,Pass
MSN00000596,SBN00001789,Pass
MSN00000596,SBN00001790,Pass
MSN00000597,SBN00001791,Pass
MSN00000597,SBN00001792,Pass
MSN00000597,SBN00001793,Pass
MSN00000598,SBN00001794,Fail
MSN00000598,SBN00001795,Fail
MSN00000598,SBN00001796,Fail
MSN00000599,SBN00001797,Pass
MSN00000599,SBN00001798,Pass
MSN00000599,SBN00001799,Pass
MSN00000600,SBN00001800,Pass
MSN00000600,SBN00001801,Pass
MSN00000600,SBN00001802,Pass
MSN00000601,SBN00001803,Pass
MSN00000601,SBN00001804,Pass
MSN00000601,SBN00001805,Pass
MSN00000602,SBN00001806,Pass
MSN00000602,SBN00001807,Pass
MSN00000602,SBN00001808,Pass
MSN00000603,SBN00001809,Fail
MSN00000603,SBN00001810,Fail
MSN00000603,SBN00001811,Fail
MSN00000604,SBN00001812,Pass
MSN00000604,SBN00001813,Pass
MSN00000604,SBN00001814,Pass
MSN00000605,SBN00001815,Pass
MSN00000605,SBN00001816,Pass
MSN00000605,SBN00001817,Pass
MSN00000606,SBN00001818,Pass
MSN00000606,SBN00001819,Pass
MSN00000606,SBN00001820,Pass
MSN00000607,SBN00001821,Fail
MSN00000607,SBN00001822,Fail
MSN00000607,SBN00001823,Fail
MSN00000608,SBN00001824,Pass
MSN00000608,SBN00001825,Pass
MSN00000608,SBN00001826,Pass
MSN00000609,SBN00001827,Pass
MSN00000609,SBN00001828,Pass
MSN00000609,SBN00001829,Pass
MSN00000610,SBN00001830,Pass
MSN00000610,SBN00001831,Pass
MSN00000610,SBN00001832,Pass
MSN00000611,SBN00001833,Pass
MSN00000611,SBN00001834,Pass
MSN00000611,SBN00001835,Pass
MSN00000612,SBN00001836,Fail
MSN00000612,SBN00001837,Fail
MSN00000612,SBN00001838,Fail
MSN00000613,SBN00001839,Pass
MSN00000613,SBN00001840,Pass
MSN00000613,SBN00001841,Pass
MSN00000614,SBN00001842,Pass
MSN00000614,SBN00001843,Pass
MSN00000614,SBN00001844,Pass
MSN00000615,SBN00001845,Pass
MSN00000615,SBN00001846,Pass
MSN00000615,SBN00001847,Pass
MSN00000616,SBN00001848,Pass
MSN00000616,SBN00001849,Pass
MSN00000616,SBN00001850,Pass
MSN00000617,SBN00001851,Fail
MSN00000617,SBN00001852,Fail
MSN00000617,SBN00001853,Fail
MSN00000618,SBN00001854,Pass
MSN00000618,SBN00001855,Pass
MSN00000618,SBN00001856,Pass
MSN00000619,SBN00001857,Fail
MSN00000619,SBN00001858,Fail
MSN00000619,SBN00001859,Fail
MSN00000620,SBN00001860,Pass
MSN00000620,SBN00001861,Pass
MSN00000620,SBN00001862,Pass
MSN00000621,SBN00001863,Pass
MSN00000621,SBN00001864,Pass
MSN00000621,SBN00001865,Pass
MSN00000622,SBN00001866,Pass
MSN00000622,SBN00001867,Pass
MSN00000622,SBN00001868,Pass
MSN00000623,SBN00001869,Pass
MSN00000623,SBN00001870,Pass
MSN00000623,SBN00001871,Pass
MSN00000624,SBN00001872,Fail
MSN00000624,SBN00001873,Fail
MSN00000624,SBN00001874,Fail
MSN00000625,SBN00001875,Pass
MSN00000625,SBN00001876,Pass
MSN00000625,SBN00001877,Pass
MSN00000626,SBN00001878,Pass
MSN00000626,SBN00001879,Pass
MSN00000626,SBN00001880,Pass
MSN00000627,SBN00001881,Pass
MSN00000627,SBN00001882,Pass
MSN00000627,SBN00001883,Pass
MSN00000628,SBN00001884,Fail
MSN00000628,SBN00001885,Fail
MSN00000628,SBN00001886,Fail
MSN00000629,SBN00001887,Pass
MSN00000629,SBN00001888,Pass
MSN00000629,SBN00001889,Pass
MSN00000630,SBN00001890,Pass
MSN00000630,SBN00001891,Pass
MSN00000630,SBN00001892,Pass
MSN00000631,SBN00001893,Pass
MSN00000631,SBN00001894,Pass
MSN00000631,SBN00001895,Pass
MSN00000632,SBN00001896,Pass
MSN00000632,SBN00001897,Pass
MSN00000632,SBN00001898,Pass
MSN00000633,SBN00001899,Pass
MSN00000633,SBN00001900,Pass
MSN00000633,SBN00001901,Pass
MSN00000634,SBN00001902,Pass
MSN00000634,SBN00001903,Pass
MSN00000634,SBN00001904,Pass
MSN00000635,SBN00001905,Fail
MSN00000635,SBN00001906,Fail
MSN00000635,SBN00001907,Fail
MSN00000636,SBN00001908,Pass
MSN00000636,SBN00001909,Pass
MSN00000636,SBN00001910,Pass
MSN00000637,SBN00001911,Pass
MSN00000637,SBN00001912,Pass
MSN00000637,SBN00001913,Pass
MSN00000638,SBN00001914,Pass
MSN00000638,SBN00001915,Pass
MSN00000638,SBN00001916,Pass
MSN00000639,SBN00001917,Pass
MSN00000639,SBN00001918,Pass
MSN00000639,SBN00001919,Pass
MSN00000640,SBN00001920,Pass
MSN00000640,SBN00001921,Pass
MSN00000640,SBN00001922,Pass
MSN00000641,SBN00001923,Pass
MSN00000641,SBN00001924,Pass
MSN00000641,SBN00001925,Pass
MSN00000642,SBN00001926,Pass
MSN00000642,SBN00001927,Pass
MSN00000642,SBN00001928,Pass
MSN00000643,SBN00001929,Pass
MSN00000643,SBN00001930,Pass
MSN00000643,SBN00001931,Pass
MSN00000644,SBN00001932,Pass
MSN00000644,SBN00001933,Pass
MSN00000644,SBN00001934,Pass
MSN00000645,SBN00001935,Pass
MSN00000645,SBN00001936,Pass
MSN00000645,SBN00001937,Pass
MSN00000646,SBN00001938,Pass
MSN00000646,SBN00001939,Pass
MSN00000646,SBN00001940,Pass
MSN00000647,SBN00001941,Fail
MSN00000647,SBN00001942,Fail
MSN00000647,SBN00001943,Fail
MSN00000648,SBN00001944,Pass
MSN00000648,SBN00001945,Pass
MSN00000648,SBN00001946,Pass
MSN00000649,SBN00001947,Fail
MSN00000649,SBN00001948,Fail
MSN00000649,SBN00001949,Fail
MSN00000650,SBN00001950,Pass
MSN00000650,SBN00001951,Pass
MSN00000650,SBN00001952,Pass
MSN00000651,SBN00001953,Pass
MSN00000651,SBN00001954,Pass
MSN00000651,SBN00001955,Pass
MSN00000652,SBN00001956,Fail
MSN00000652,SBN00001957,Fail
MSN00000652,SBN00001958,Fail
MSN00000653,SBN00001959,Pass
MSN00000653,SBN00001960,Pass
MSN00000653,SBN00001961,Pass
MSN00000654,SBN00001962,Pass
MSN00000654,SBN00001963,Pass
MSN00000654,SBN00001964,Pass
MSN00000655,SBN00001965,Pass
MSN00000655,SBN00001966,Pass
MSN00000655,SBN00001967,Pass
MSN00000656,SBN00001968,Pass
MSN00000656,SBN00001969,Pass
MSN00000656,SBN00001970,Pass
MSN00000657,SBN00001971,Fail
MSN00000657,SBN00001972,Fail
MSN00000657,SBN00001973,Fail
MSN00000658,SBN00001974,Pass
MSN00000658,SBN00001975,Pass
MSN00000658,SBN00001976,Pass
MSN00000659,SBN00001977,Fail
MSN00000659,SBN00001978,Fail
MSN00000659,SBN00001979,Fail
MSN00000660,SBN00001980,Fail
MSN00000660,SBN00001981,Fail
MSN00000660,SBN00001982,Fail
MSN00000661,SBN00001983,Fail
MSN00000661,SBN00001984,Fail
MSN00000661,SBN00001985,Fail
MSN00000662,SBN00001986,Pass
MSN00000662,SBN00001987,Pass
MSN00000662,SBN00001988,Pass
MSN00000663,SBN00001989,Pass
MSN00000663,SBN00001990,Pass
MSN00000663,SBN00001991,Pass
MSN00000664,SBN00001992,Pass
MSN00000664,SBN00001993,Pass
MSN00000664,SBN00001994,Pass
MSN00000665,SBN00001995,Pass
MSN00000665,SBN00001996,Pass
MSN00000665,SBN00001997,Pass
MSN00000666,SBN00001998,Fail
MSN00000666,SBN00001999,Fail
MSN00000666,SBN00002000,Fail
MSN00000667,SBN00002001,Pass
MSN00000667,SBN00002002,Pass
MSN00000667,SBN00002003,Pass
MSN00000668,SBN00002004,Pass
MSN00000668,SBN00002005,Pass
MSN00000668,SBN00002006,Pass
MSN00000669,SBN00002007,Pass
MSN00000669,SBN00002008,Pass
MSN00000669,SBN00002009,Pass
MSN00000670,SBN00002010,Fail
MSN00000670,SBN00002011,Fail
MSN00000670,SBN00002012,Fail
MSN00000671,SBN00002013,Pass
MSN00000671,SBN00002014,Pass
MSN00000671,SBN00002015,Pass
MSN00000672,SBN00002016,Pass
MSN00000672,SBN00002017,Pass
MSN00000672,SBN00002018,Pass
MSN00000673,SBN00002019,Fail
MSN00000673,SBN00002020,Fail
MSN00000673,SBN00002021,Fail
MSN00000674,SBN00002022,Pass
MSN00000674,SBN00002023,Pass
MSN00000674,SBN00002024,Pass
MSN00000675,SBN00002025,Fail
MSN00000675,SBN00002026,Fail
MSN00000675,SBN00002027,Fail
MSN00000676,SBN00002028,Pass
MSN00000676,SBN00002029,Pass
MSN00000676,SBN00002030,Pass
MSN00000677,SBN00002031,Pass
MSN00000677,SBN00002032,Pass
MSN00000677,SBN00002033,Pass
MSN00000678,SBN00002034,Fail
MSN00000678,SBN00002035,Fail
MSN00000678,SBN00002036,Fail
MSN00000679,SBN00002037,Pass
MSN00000679,SBN00002038,Pass
MSN00000679,SBN00002039,Pass
MSN00000680,SBN00002040,Pass
MSN00000680,SBN00002041,Pass
MSN00000680,SBN00002042,Pass
MSN00000681,SBN00002043,Pass
MSN00000681,SBN00002044,Pass
MSN00000681,SBN00002045,Pass
MSN00000682,SBN00002046,Pass
MSN00000682,SBN00002047,Pass
MSN00000682,SBN00002048,Pass
MSN00000683,SBN00002049,Pass
MSN00000683,SBN00002050,Pass
MSN00000683,SBN00002051,Pass
MSN00000684,SBN00002052,Pass
MSN00000684,SBN00002053,Pass
MSN00000684,SBN00002054,Pass
MSN00000685,SBN00002055,Pass
MSN00000685,SBN00002056,Pass
MSN00000685,SBN00002057,Pass
MSN00000686,SBN00002058,Pass
MSN00000686,SBN00002059,Pass
MSN00000686,SBN00002060,Pass
MSN00000687,SBN00002061,Pass
MSN00000687,SBN00002062,Pass
MSN00000687,SBN00002063,Pass
MSN00000688,SBN00002064,Pass
MSN00000688,SBN00002065,Pass
MSN00000688,SBN00002066,Pass
MSN00000689,SBN00002067,Fail
MSN00000689,SBN00002068,Fail
MSN00000689,SBN00002069,Fail
MSN00000690,SBN00002070,Pass
MSN00000690,SBN00002071,Pass
MSN00000690,SBN00002072,Pass
MSN00000691,SBN00002073,Pass
MSN00000691,SBN00002074,Pass
MSN00000691,SBN00002075,Pass
MSN00000692,SBN00002076,Fail
MSN00000692,SBN00002077,Fail
MSN00000692,SBN00002078,Fail
MSN00000693,SBN00002079,Fail
MSN00000693,SBN00002080,Fail
MSN00000693,SBN00002081,Fail
MSN00000694,SBN00002082,Pass
MSN00000694,SBN00002083,Pass
MSN00000694,SBN00002084,Pass
MSN00000695,SBN00002085,Pass
MSN00000695,SBN00002086,Pass
MSN00000695,SBN00002087,Pass
MSN00000696,SBN00002088,Pass
MSN00000696,SBN00002089,Pass
MSN00000696,SBN00002090,Pass
MSN00000697,SBN00002091,Fail
MSN00000697,SBN00002092,Fail
MSN00000697,SBN00002093,Fail
MSN00000698,SBN00002094,Pass
MSN00000698,SBN00002095,Pass
MSN00000698,SBN00002096,Pass
MSN00000699,SBN00002097,Fail
MSN00000699,SBN00002098,Fail
MSN00000699,SBN00002099,Fail
MSN00000700,SBN00002100,Pass
MSN00000700,SBN00002101,Pass
MSN00000700,SBN00002102,Pass
MSN00000701,SBN00002103,Fail
MSN00000701,SBN00002104,Fail
MSN00000701,SBN00002105,Fail
MSN00000702,SBN00002106,Fail
MSN00000702,SBN00002107,Fail
MSN00000702,SBN00002108,Fail
MSN00000703,SBN00002109,Fail
MSN00000703,SBN00002110,Fail
MSN00000703,SBN00002111,Fail
MSN00000704,SBN00002112,Pass
MSN00000704,SBN00002113,Pass
MSN00000704,SBN00002114,Pass
MSN00000705,SBN00002115,Pass
MSN00000705,SBN00002116,Pass
MSN00000705,SBN00002117,Pass
MSN00000706,SBN00002118,Fail
MSN00000706,SBN00002119,Fail
MSN00000706,SBN00002120,Fail
MSN00000707,SBN00002121,Pass
MSN00000707,SBN00002122,Pass
MSN00000707,SBN00002123,Pass
MSN00000708,SBN00002124,Pass
MSN00000708,SBN00002125,Pass
MSN00000708,SBN00002126,Pass
MSN00000709,SBN00002127,Pass
MSN00000709,SBN00002128,Pass
MSN00000709,SBN00002129,Pass
MSN00000710,SBN00002130,Pass
MSN00000710,SBN00002131,Pass
MSN00000710,SBN00002132,Pass
MSN00000711,SBN00002133,Pass
MSN00000711,SBN00002134,Pass
MSN00000711,SBN00002135,Pass
MSN00000712,SBN00002136,Pass
MSN00000712,SBN00002137,Pass
MSN00000712,SBN00002138,Pass
MSN00000713,SBN00002139,Fail
MSN00000713,SBN00002140,Fail
MSN00000713,SBN00002141,Fail
MSN00000714,SBN00002142,Pass
MSN00000714,SBN00002143,Pass
MSN00000714,SBN00002144,Pass
MSN00000715,SBN00002145,Pass
MSN00000715,SBN00002146,Pass
MSN00000715,SBN00002147,Pass
MSN00000716,SBN00002148,Pass
MSN00000716,SBN00002149,Pass
MSN00000716,SBN00002150,Pass
MSN00000717,SBN00002151,Pass
MSN00000717,SBN00002152,Pass
MSN00000717,SBN00002153,Pass
MSN00000718,SBN00002154,Fail
MSN00000718,SBN00002155,Fail
MSN00000718,SBN00002156,Fail
MSN00000719,SBN00002157,Pass
MSN00000719,SBN00002158,Pass
MSN00000719,SBN00002159,Pass
MSN00000720,SBN00002160,Pass
MSN00000720,SBN00002161,Pass
MSN00000720,SBN00002162,Pass
MSN00000721,SBN00002163,Pass
MSN00000721,SBN00002164,Pass
MSN00000721,SBN00002165,Pass
MSN00000722,SBN00002166,Fail
MSN00000722,SBN00002167,Fail
MSN00000722,SBN00002168,Fail
MSN00000723,SBN00002169,Fail
MSN00000723,SBN00002170,Fail
MSN00000723,SBN00002171,Fail
MSN00000724,SBN00002172,Pass
MSN00000724,SBN00002173,Pass
MSN00000724,SBN00002174,Pass
MSN00000725,SBN00002175,Pass
MSN00000725,SBN00002176,Pass
MSN00000725,SBN00002177,Pass
MSN00000726,SBN00002178,Pass
MSN00000726,SBN00002179,Pass
MSN00000726,SBN00002180,Pass
MSN00000727,SBN00002181,Fail
MSN00000727,SBN00002182,Fail
MSN00000727,SBN00002183,Fail
MSN00000728,SBN00002184,Pass
MSN00000728,SBN00002185,Pass
MSN00000728,SBN00002186,Pass
MSN00000729,SBN00002187,Pass
MSN00000729,SBN00002188,Pass
MSN00000729,SBN00002189,Pass
MSN00000730,SBN00002190,Pass
MSN00000730,SBN00002191,Pass
MSN00000730,SBN00002192,Pass
MSN00000731,SBN00002193,Pass
MSN00000731,SBN00002194,Pass
MSN00000731,SBN00002195,Pass
MSN00000732,SBN00002196,Fail
MSN00000732,SBN00002197,Fail
MSN00000732,SBN00002198,Fail
MSN00000733,SBN00002199,Pass
MSN00000733,SBN00002200,Pass
MSN00000733,SBN00002201,Pass
MSN00000734,SBN00002202,Pass
MSN00000734,SBN00002203,Pass
MSN00000734,SBN00002204,Pass
MSN00000735,SBN00002205,Pass
MSN00000735,SBN00002206,Pass
MSN00000735,SBN00002207,Pass
MSN00000736,SBN00002208,Pass
MSN00000736,SBN00002209,Pass
MSN00000736,SBN00002210,Pass
MSN00000737,SBN00002211,Pass
MSN00000737,SBN00002212,Pass
MSN00000737,SBN00002213,Pass
MSN00000738,SBN00002214,Pass
MSN00000738,SBN00002215,Pass
MSN00000738,SBN00002216,Pass
MSN00000739,SBN00002217,Pass
MSN00000739,SBN00002218,Pass
MSN00000739,SBN00002219,Pass
MSN00000740,SBN00002220,Pass
MSN00000740,SBN00002221,Pass
MSN00000740,SBN00002222,Pass
MSN00000741,SBN00002223,Pass
MSN00000741,SBN00002224,Pass
MSN00000741,SBN00002225,Pass
MSN00000742,SBN00002226,Pass
MSN00000742,SBN00002227,Pass
MSN00000742,SBN00002228,Pass
MSN00000743,SBN00002229,Pass
MSN00000743,SBN00002230,Pass
MSN00000743,SBN00002231,Pass
MSN00000744,SBN00002232,Pass
MSN00000744,SBN00002233,Pass
MSN00000744,SBN00002234,Pass
MSN00000745,SBN00002235,Pass
MSN00000745,SBN00002236,Pass
MSN00000745,SBN00002237,Pass
MSN00000746,SBN00002238,Pass
MSN00000746,SBN00002239,Pass
MSN00000746,SBN00002240,Pass
MSN00000747,SBN00002241,Pass
MSN00000747,SBN00002242,Pass
MSN00000747,SBN00002243,Pass
MSN00000748,SBN00002244,Pass
MSN00000748,SBN00002245,Pass
MSN00000748,SBN00002246,Pass
MSN00000749,SBN00002247,Fail
MSN00000749,SBN00002248,Fail
MSN00000749,SBN00002249,Fail
MSN00000750,SBN00002250,Fail
MSN00000750,SBN00002251,Fail
MSN00000750,SBN00002252,Fail
MSN00000751,SBN00002253,Pass
MSN00000751,SBN00002254,Pass
MSN00000751,SBN00002255,Pass
MSN00000752,SBN00002256,Pass
MSN00000752,SBN00002257,Pass
MSN00000752,SBN00002258,Pass
MSN00000753,SBN00002259,Pass
MSN00000753,SBN00002260,Pass
MSN00000753,SBN00002261,Pass
MSN00000754,SBN00002262,Pass
MSN00000754,SBN00002263,Pass
MSN00000754,SBN00002264,Pass
MSN00000755,SBN00002265,Pass
MSN00000755,SBN00002266,Pass
MSN00000755,SBN00002267,Pass
MSN00000756,SBN00002268,Fail
MSN00000756,SBN00002269,Fail
MSN00000756,SBN00002270,Fail
MSN00000757,SBN00002271,Pass
MSN00000757,SBN00002272,Pass
MSN00000757,SBN00002273,Pass
MSN00000758,SBN00002274,Pass
MSN00000758,SBN00002275,Pass
MSN00000758,SBN00002276,Pass
MSN00000759,SBN00002277,Pass
MSN00000759,SBN00002278,Pass
MSN00000759,SBN00002279,Pass
MSN00000760,SBN00002280,Pass
MSN00000760,SBN00002281,Pass
MSN00000760,SBN00002282,Pass
MSN00000761,SBN00002283,Fail
MSN00000761,SBN00002284,Fail
MSN00000761,SBN00002285,Fail
MSN00000762,SBN00002286,Pass
MSN00000762,SBN00002287,Pass
MSN00000762,SBN00002288,Pass
MSN00000763,SBN00002289,Fail
MSN00000763,SBN00002290,Fail
MSN00000763,SBN00002291,Fail
MSN00000764,SBN00002292,Fail
MSN00000764,SBN00002293,Fail
MSN00000764,SBN00002294,Fail
MSN00000765,SBN00002295,Pass
MSN00000765,SBN00002296,Pass
MSN00000765,SBN00002297,Pass
MSN00000766,SBN00002298,Pass
MSN00000766,SBN00002299,Pass
MSN00000766,SBN00002300,Pass
MSN00000767,SBN00002301,Fail
MSN00000767,SBN00002302,Fail
MSN00000767,SBN00002303,Fail
MSN00000768,SBN00002304,Pass
MSN00000768,SBN00002305,Pass
MSN00000768,SBN00002306,Pass
MSN00000769,SBN00002307,Pass
MSN00000769,SBN00002308,Pass
MSN00000769,SBN00002309,Pass
MSN00000770,SBN00002310,Fail
MSN00000770,SBN00002311,Fail
MSN00000770,SBN00002312,Fail
MSN00000771,SBN00002313,Pass
MSN00000771,SBN00002314,Pass
MSN00000771,SBN00002315,Pass
MSN00000772,SBN00002316,Pass
MSN00000772,SBN00002317,Pass
MSN00000772,SBN00002318,Pass
MSN00000773,SBN00002319,Pass
MSN00000773,SBN00002320,Pass
MSN00000773,SBN00002321,Pass
MSN00000774,SBN00002322,Fail
MSN00000774,SBN00002323,Fail
MSN00000774,SBN00002324,Fail
MSN00000775,SBN00002325,Pass
MSN00000775,SBN00002326,Pass
MSN00000775,SBN00002327,Pass
MSN00000776,SBN00002328,Pass
MSN00000776,SBN00002329,Pass
MSN00000776,SBN00002330,Pass
MSN00000777,SBN00002331,Fail
MSN00000777,SBN00002332,Fail
MSN00000777,SBN00002333,Fail
MSN00000778,SBN00002334,Fail
MSN00000778,SBN00002335,Fail
MSN00000778,SBN00002336,Fail
MSN00000779,SBN00002337,Pass
MSN00000779,SBN00002338,Pass
MSN00000779,SBN00002339,Pass
MSN00000780,SBN00002340,Pass
MSN00000780,SBN00002341,Pass
MSN00000780,SBN00002342,Pass
MSN00000781,SBN00002343,Pass
MSN00000781,SBN00002344,Pass
MSN00000781,SBN00002345,Pass
MSN00000782,SBN00002346,Pass
MSN00000782,SBN00002347,Pass
MSN00000782,SBN00002348,Pass
MSN00000783,SBN00002349,Pass
MSN00000783,SBN00002350,Pass
MSN00000783,SBN00002351,Pass
MSN00000784,SBN00002352,Pass
MSN00000784,SBN00002353,Pass
MSN00000784,SBN00002354,Pass
MSN00000785,SBN00002355,Pass
MSN00000785,SBN00002356,Pass
MSN00000785,SBN00002357,Pass
MSN00000786,SBN00002358,Pass
MSN00000786,SBN00002359,Pass
MSN00000786,SBN00002360,Pass
MSN00000787,SBN00002361,Pass
MSN00000787,SBN00002362,Pass
MSN00000787,SBN00002363,Pass
MSN00000788,SBN00002364,Pass
MSN00000788,SBN00002365,Pass
MSN00000788,SBN00002366,Pass
MSN00000789,SBN00002367,Pass
MSN00000789,SBN00002368,Pass
MSN00000789,SBN00002369,Pass
MSN00000790,SBN00002370,Pass
MSN00000790,SBN00002371,Pass
MSN00000790,SBN00002372,Pass
MSN00000791,SBN00002373,Pass
MSN00000791,SBN00002374,Pass
MSN00000791,SBN00002375,Pass
MSN00000792,SBN00002376,Pass
MSN00000792,SBN00002377,Pass
MSN00000792,SBN00002378,Pass
MSN00000793,SBN00002379,Pass
MSN00000793,SBN00002380,Pass
MSN00000793,SBN00002381,Pass
MSN00000794,SBN00002382,Pass
MSN00000794,SBN00002383,Pass
MSN00000794,SBN00002384,Pass
MSN00000795,SBN00002385,Pass
MSN00000795,SBN00002386,Pass
MSN00000795,SBN00002387,Pass
MSN00000796,SBN00002388,Fail
MSN00000796,SBN00002389,Fail
MSN00000796,SBN00002390,Fail
MSN00000797,SBN00002391,Fail
MSN00000797,SBN00002392,Fail
MSN00000797,SBN00002393,Fail
MSN00000798,SBN00002394,Pass
MSN00000798,SBN00002395,Pass
MSN00000798,SBN00002396,Pass
MSN00000799,SBN00002397,Fail
MSN00000799,SBN00002398,Fail
MSN00000799,SBN00002399,Fail
MSN00000800,SBN00002400,Pass
MSN00000800,SBN00002401,Pass
MSN00000800,SBN00002402,Pass
MSN00000801,SBN00002403,Pass
MSN00000801,SBN00002404,Pass
MSN00000801,SBN00002405,Pass
MSN00000802,SBN00002406,Pass
MSN00000802,SBN00002407,Pass
MSN00000802,SBN00002408,Pass
MSN00000803,SBN00002409,Pass
MSN00000803,SBN00002410,Pass
MSN00000803,SBN00002411,Pass
MSN00000804,SBN00002412,Fail
MSN00000804,SBN00002413,Fail
MSN00000804,SBN00002414,Fail
MSN00000805,SBN00002415,Fail
MSN00000805,SBN00002416,Fail
MSN00000805,SBN00002417,Fail
MSN00000806,SBN00002418,Pass
MSN00000806,SBN00002419,Pass
MSN00000806,SBN00002420,Pass
MSN00000807,SBN00002421,Pass
MSN00000807,SBN00002422,Pass
MSN00000807,SBN00002423,Pass
MSN00000808,SBN00002424,Fail
MSN00000808,SBN00002425,Fail
MSN00000808,SBN00002426,Fail
MSN00000809,SBN00002427,Fail
MSN00000809,SBN00002428,Fail
MSN00000809,SBN00002429,Fail
MSN00000810,SBN00002430,Pass
MSN00000810,SBN00002431,Pass
MSN00000810,SBN00002432,Pass
MSN00000811,SBN00002433,Pass
MSN00000811,SBN00002434,Pass
MSN00000811,SBN00002435,Pass
MSN00000812,SBN00002436,Pass
MSN00000812,SBN00002437,Pass
MSN00000812,SBN00002438,Pass
MSN00000813,SBN00002439,Pass
MSN00000813,SBN00002440,Pass
MSN00000813,SBN00002441,Pass
MSN00000814,SBN00002442,Fail
MSN00000814,SBN00002443,Fail
MSN00000814,SBN00002444,Fail
MSN00000815,SBN00002445,Fail
MSN00000815,SBN00002446,Fail
MSN00000815,SBN00002447,Fail
MSN00000816,SBN00002448,Pass
MSN00000816,SBN00002449,Pass
MSN00000816,SBN00002450,Pass
MSN00000817,SBN00002451,Pass
MSN00000817,SBN00002452,Pass
MSN00000817,SBN00002453,Pass
MSN00000818,SBN00002454,Fail
MSN00000818,SBN00002455,Fail
MSN00000818,SBN00002456,Fail
MSN00000819,SBN00002457,Fail
MSN00000819,SBN00002458,Fail
MSN00000819,SBN00002459,Fail
MSN00000820,SBN00002460,Pass
MSN00000820,SBN00002461,Pass
MSN00000820,SBN00002462,Pass
MSN00000821,SBN00002463,Pass
MSN00000821,SBN00002464,Pass
MSN00000821,SBN00002465,Pass
MSN00000822,SBN00002466,Pass
MSN00000822,SBN00002467,Pass
MSN00000822,SBN00002468,Pass
MSN00000823,SBN00002469,Pass
MSN00000823,SBN00002470,Pass
MSN00000823,SBN00002471,Pass
MSN00000824,SBN00002472,Pass
MSN00000824,SBN00002473,Pass
MSN00000824,SBN00002474,Pass
MSN00000825,SBN00002475,Fail
MSN00000825,SBN00002476,Fail
MSN00000825,SBN00002477,Fail
MSN00000826,SBN00002478,Pass
MSN00000826,SBN00002479,Pass
MSN00000826,SBN00002480,Pass
MSN00000827,SBN00002481,Pass
MSN00000827,SBN00002482,Pass
MSN00000827,SBN00002483,Pass
MSN00000828,SBN00002484,Pass
MSN00000828,SBN00002485,Pass
MSN00000828,SBN00002486,Pass
MSN00000829,SBN00002487,Pass
MSN00000829,SBN00002488,Pass
MSN00000829,SBN00002489,Pass
MSN00000830,SBN00002490,Pass
MSN00000830,SBN00002491,Pass
MSN00000830,SBN00002492,Pass
MSN00000831,SBN00002493,Fail
MSN00000831,SBN00002494,Fail
MSN00000831,SBN00002495,Fail
MSN00000832,SBN00002496,Pass
MSN00000832,SBN00002497,Pass
MSN00000832,SBN00002498,Pass
MSN00000833,SBN00002499,Pass
MSN00000833,SBN00002500,Pass
MSN00000833,SBN00002501,Pass
MSN00000834,SBN00002502,Fail
MSN00000834,SBN00002503,Fail
MSN00000834,SBN00002504,Fail
MSN00000835,SBN00002505,Pass
MSN00000835,SBN00002506,Pass
MSN00000835,SBN00002507,Pass
MSN00000836,SBN00002508,Pass
MSN00000836,SBN00002509,Pass
MSN00000836,SBN00002510,Pass
MSN00000837,SBN00002511,Pass
MSN00000837,SBN00002512,Pass
MSN00000837,SBN00002513,Pass
MSN00000838,SBN00002514,Pass
MSN00000838,SBN00002515,Pass
MSN00000838,SBN00002516,Pass
MSN00000839,SBN00002517,Fail
MSN00000839,SBN00002518,Fail
MSN00000839,SBN00002519,Fail
MSN00000840,SBN00002520,Pass
MSN00000840,SBN00002521,Pass
MSN00000840,SBN00002522,Pass
MSN00000841,SBN00002523,Pass
MSN00000841,SBN00002524,Pass
MSN00000841,SBN00002525,Pass
MSN00000842,SBN00002526,Pass
MSN00000842,SBN00002527,Pass
MSN00000842,SBN00002528,Pass
MSN00000843,SBN00002529,Pass
MSN00000843,SBN00002530,Pass
MSN00000843,SBN00002531,Pass
MSN00000844,SBN00002532,Pass
MSN00000844,SBN00002533,Pass
MSN00000844,SBN00002534,Pass
MSN00000845,SBN00002535,Pass
MSN00000845,SBN00002536,Pass
MSN00000845,SBN00002537,Pass
MSN00000846,SBN00002538,Pass
MSN00000846,SBN00002539,Pass
MSN00000846,SBN00002540,Pass
MSN00000847,SBN00002541,Pass
MSN00000847,SBN00002542,Pass
MSN00000847,SBN00002543,Pass
MSN00000848,SBN00002544,Pass
MSN00000848,SBN00002545,Pass
MSN00000848,SBN00002546,Pass
MSN00000849,SBN00002547,Fail
MSN00000849,SBN00002548,Fail
MSN00000849,SBN00002549,Fail
MSN00000850,SBN00002550,Pass
MSN00000850,SBN00002551,Pass
MSN00000850,SBN00002552,Pass
MSN00000851,SBN00002553,Pass
MSN00000851,SBN00002554,Pass
MSN00000851,SBN00002555,Pass
MSN00000852,SBN00002556,Fail
MSN00000852,SBN00002557,Fail
MSN00000852,SBN00002558,Fail
MSN00000853,SBN00002559,Pass
MSN00000853,SBN00002560,Pass
MSN00000853,SBN00002561,Pass
MSN00000854,SBN00002562,Fail
MSN00000854,SBN00002563,Fail
MSN00000854,SBN00002564,Fail
MSN00000855,SBN00002565,Pass
MSN00000855,SBN00002566,Pass
MSN00000855,SBN00002567,Pass
MSN00000856,SBN00002568,Fail
MSN00000856,SBN00002569,Fail
MSN00000856,SBN00002570,Fail
MSN00000857,SBN00002571,Pass
MSN00000857,SBN00002572,Pass
MSN00000857,SBN00002573,Pass
MSN00000858,SBN00002574,Pass
MSN00000858,SBN00002575,Pass
MSN00000858,SBN00002576,Pass
MSN00000859,SBN00002577,Fail
MSN00000859,SBN00002578,Fail
MSN00000859,SBN00002579,Fail
MSN00000860,SBN00002580,Pass
MSN00000860,SBN00002581,Pass
MSN00000860,SBN00002582,Pass
MSN00000861,SBN00002583,Pass
MSN00000861,SBN00002584,Pass
MSN00000861,SBN00002585,Pass
MSN00000862,SBN00002586,Fail
MSN00000862,SBN00002587,Fail
MSN00000862,SBN00002588,Fail
MSN00000863,SBN00002589,Fail
MSN00000863,SBN00002590,Fail
MSN00000863,SBN00002591,Fail
MSN00000864,SBN00002592,Pass
MSN00000864,SBN00002593,Pass
MSN00000864,SBN00002594,Pass
MSN00000865,SBN00002595,Pass
MSN00000865,SBN00002596,Pass
MSN00000865,SBN00002597,Pass
MSN00000866,SBN00002598,Fail
MSN00000866,SBN00002599,Fail
MSN00000866,SBN00002600,Fail
MSN00000867,SBN00002601,Pass
MSN00000867,SBN00002602,Pass
MSN00000867,SBN00002603,Pass
MSN00000868,SBN00002604,Pass
MSN00000868,SBN00002605,Pass
MSN00000868,SBN00002606,Pass
MSN00000869,SBN00002607,Pass
MSN00000869,SBN00002608,Pass
MSN00000869,SBN00002609,Pass
MSN00000870,SBN00002610,Pass
MSN00000870,SBN00002611,Pass
MSN00000870,SBN00002612,Pass
MSN00000871,SBN00002613,Pass
MSN00000871,SBN00002614,Pass
MSN00000871,SBN00002615,Pass
MSN00000872,SBN00002616,Pass
MSN00000872,SBN00002617,Pass
MSN00000872,SBN00002618,Pass
MSN00000873,SBN00002619,Pass
MSN00000873,SBN00002620,Pass
MSN00000873,SBN00002621,Pass
MSN00000874,SBN00002622,Pass
MSN00000874,SBN00002623,Pass
MSN00000874,SBN00002624,Pass
MSN00000875,SBN00002625,Pass
MSN00000875,SBN00002626,Pass
MSN00000875,SBN00002627,Pass
MSN00000876,SBN00002628,Pass
MSN00000876,SBN00002629,Pass
MSN00000876,SBN00002630,Pass
MSN00000877,SBN00002631,Pass
MSN00000877,SBN00002632,Pass
MSN00000877,SBN00002633,Pass
MSN00000878,SBN00002634,Pass
MSN00000878,SBN00002635,Pass
MSN00000878,SBN00002636,Pass
MSN00000879,SBN00002637,Pass
MSN00000879,SBN00002638,Pass
MSN00000879,SBN00002639,Pass
MSN00000880,SBN00002640,Pass
MSN00000880,SBN00002641,Pass
MSN00000880,SBN00002642,Pass
MSN00000881,SBN00002643,Pass
MSN00000881,SBN00002644,Pass
MSN00000881,SBN00002645,Pass
MSN00000882,SBN00002646,Pass
MSN00000882,SBN00002647,Pass
MSN00000882,SBN00002648,Pass
MSN00000883,SBN00002649,Fail
MSN00000883,SBN00002650,Fail
MSN00000883,SBN00002651,Fail
MSN00000884,SBN00002652,Fail
MSN00000884,SBN00002653,Fail
MSN00000884,SBN00002654,Fail
MSN00000885,SBN00002655,Pass
MSN00000885,SBN00002656,Pass
MSN00000885,SBN00002657,Pass
MSN00000886,SBN00002658,Pass
MSN00000886,SBN00002659,Pass
MSN00000886,SBN00002660,Pass
MSN00000887,SBN00002661,Pass
MSN00000887,SBN00002662,Pass
MSN00000887,SBN00002663,Pass
MSN00000888,SBN00002664,Pass
MSN00000888,SBN00002665,Pass
MSN00000888,SBN00002666,Pass
MSN00000889,SBN00002667,Fail
MSN00000889,SBN00002668,Fail
MSN00000889,SBN00002669,Fail
MSN00000890,SBN00002670,Pass
MSN00000890,SBN00002671,Pass
MSN00000890,SBN00002672,Pass
MSN00000891,SBN00002673,Fail
MSN00000891,SBN00002674,Fail
MSN00000891,SBN00002675,Fail
MSN00000892,SBN00002676,Fail
MSN00000892,SBN00002677,Fail
MSN00000892,SBN00002678,Fail
MSN00000893,SBN00002679,Pass
MSN00000893,SBN00002680,Pass
MSN00000893,SBN00002681,Pass
MSN00000894,SBN00002682,Pass
MSN00000894,SBN00002683,Pass
MSN00000894,SBN00002684,Pass
MSN00000895,SBN00002685,Pass
MSN00000895,SBN00002686,Pass
MSN00000895,SBN00002687,Pass
MSN00000896,SBN00002688,Pass
MSN00000896,SBN00002689,Pass
MSN00000896,SBN00002690,Pass
MSN00000897,SBN00002691,Pass
MSN00000897,SBN00002692,Pass
MSN00000897,SBN00002693,Pass
MSN00000898,SBN00002694,Pass
MSN00000898,SBN00002695,Pass
MSN00000898,SBN00002696,Pass
MSN00000899,SBN00002697,Pass
MSN00000899,SBN00002698,Pass
MSN00000899,SBN00002699,Pass
MSN00000900,SBN00002700,Fail
MSN00000900,SBN00002701,Fail
MSN00000900,SBN00002702,Fail
MSN00000901,SBN00002703,Fail
MSN00000901,SBN00002704,Fail
MSN00000901,SBN00002705,Fail
MSN00000902,SBN00002706,Fail
MSN00000902,SBN00002707,Fail
MSN00000902,SBN00002708,Fail
MSN00000903,SBN00002709,Pass
MSN00000903,SBN00002710,Pass
MSN00000903,SBN00002711,Pass
MSN00000904,SBN00002712,Pass
MSN00000904,SBN00002713,Pass
MSN00000904,SBN00002714,Pass
MSN00000905,SBN00002715,Pass
MSN00000905,SBN00002716,Pass
MSN00000905,SBN00002717,Pass
MSN00000906,SBN00002718,Fail
MSN00000906,SBN00002719,Fail
MSN00000906,SBN00002720,Fail
MSN00000907,SBN00002721,Fail
MSN00000907,SBN00002722,Fail
MSN00000907,SBN00002723,Fail
MSN00000908,SBN00002724,Pass
MSN00000908,SBN00002725,Pass
MSN00000908,SBN00002726,Pass
MSN00000909,SBN00002727,Pass
MSN00000909,SBN00002728,Pass
MSN00000909,SBN00002729,Pass
MSN00000910,SBN00002730,Pass
MSN00000910,SBN00002731,Pass
MSN00000910,SBN00002732,Pass
MSN00000911,SBN00002733,Pass
MSN00000911,SBN00002734,Pass
MSN00000911,SBN00002735,Pass
MSN00000912,SBN00002736,Pass
MSN00000912,SBN00002737,Pass
MSN00000912,SBN00002738,Pass
MSN00000913,SBN00002739,Pass
MSN00000913,SBN00002740,Pass
MSN00000913,SBN00002741,Pass
MSN00000914,SBN00002742,Pass
MSN00000914,SBN00002743,Pass
MSN00000914,SBN00002744,Pass
MSN00000915,SBN00002745,Pass
MSN00000915,SBN00002746,Pass
MSN00000915,SBN00002747,Pass
MSN00000916,SBN00002748,Fail
MSN00000916,SBN00002749,Fail
MSN00000916,SBN00002750,Fail
MSN00000917,SBN00002751,Fail
MSN00000917,SBN00002752,Fail
MSN00000917,SBN00002753,Fail
MSN00000918,SBN00002754,Pass
MSN00000918,SBN00002755,Pass
MSN00000918,SBN00002756,Pass
MSN00000919,SBN00002757,Pass
MSN00000919,SBN00002758,Pass
MSN00000919,SBN00002759,Pass
MSN00000920,SBN00002760,Pass
MSN00000920,SBN00002761,Pass
MSN00000920,SBN00002762,Pass
MSN00000921,SBN00002763,Pass
MSN00000921,SBN00002764,Pass
MSN00000921,SBN00002765,Pass
MSN00000922,SBN00002766,Pass
MSN00000922,SBN00002767,Pass
MSN00000922,SBN00002768,Pass
MSN00000923,SBN00002769,Fail
MSN00000923,SBN00002770,Fail
MSN00000923,SBN00002771,Fail
MSN00000924,SBN00002772,Pass
MSN00000924,SBN00002773,Pass
MSN00000924,SBN00002774,Pass
MSN00000925,SBN00002775,Pass
MSN00000925,SBN00002776,Pass
MSN00000925,SBN00002777,Pass
MSN00000926,SBN00002778,Pass
MSN00000926,SBN00002779,Pass
MSN00000926,SBN00002780,Pass
MSN00000927,SBN00002781,Pass
MSN00000927,SBN00002782,Pass
MSN00000927,SBN00002783,Pass
MSN00000928,SBN00002784,Pass
MSN00000928,SBN00002785,Pass
MSN00000928,SBN00002786,Pass
MSN00000929,SBN00002787,Pass
MSN00000929,SBN00002788,Pass
MSN00000929,SBN00002789,Pass
MSN00000930,SBN00002790,Pass
MSN00000930,SBN00002791,Pass
MSN00000930,SBN00002792,Pass
MSN00000931,SBN00002793,Fail
MSN00000931,SBN00002794,Fail
MSN00000931,SBN00002795,Fail
MSN00000932,SBN00002796,Pass
MSN00000932,SBN00002797,Pass
MSN00000932,SBN00002798,Pass
MSN00000933,SBN00002799,Pass
MSN00000933,SBN00002800,Pass
MSN00000933,SBN00002801,Pass
MSN00000934,SBN00002802,Pass
MSN00000934,SBN00002803,Pass
MSN00000934,SBN00002804,Pass
MSN00000935,SBN00002805,Fail
MSN00000935,SBN00002806,Fail
MSN00000935,SBN00002807,Fail
MSN00000936,SBN00002808,Fail
MSN00000936,SBN00002809,Fail
MSN00000936,SBN00002810,Fail
MSN00000937,SBN00002811,Pass
MSN00000937,SBN00002812,Pass
MSN00000937,SBN00002813,Pass
MSN00000938,SBN00002814,Pass
MSN00000938,SBN00002815,Pass
MSN00000938,SBN00002816,Pass
MSN00000939,SBN00002817,Fail
MSN00000939,SBN00002818,Fail
MSN00000939,SBN00002819,Fail
MSN00000940,SBN00002820,Fail
MSN00000940,SBN00002821,Fail
MSN00000940,SBN00002822,Fail
MSN00000941,SBN00002823,Pass
MSN00000941,SBN00002824,Pass
MSN00000941,SBN00002825,Pass
MSN00000942,SBN00002826,Pass
MSN00000942,SBN00002827,Pass
MSN00000942,SBN00002828,Pass
MSN00000943,SBN00002829,Fail
MSN00000943,SBN00002830,Fail
MSN00000943,SBN00002831,Fail
MSN00000944,SBN00002832,Pass
MSN00000944,SBN00002833,Pass
MSN00000944,SBN00002834,Pass
MSN00000945,SBN00002835,Pass
MSN00000945,SBN00002836,Pass
MSN00000945,SBN00002837,Pass
MSN00000946,SBN00002838,Pass
MSN00000946,SBN00002839,Pass
MSN00000946,SBN00002840,Pass
MSN00000947,SBN00002841,Pass
MSN00000947,SBN00002842,Pass
MSN00000947,SBN00002843,Pass
MSN00000948,SBN00002844,Pass
MSN00000948,SBN00002845,Pass
MSN00000948,SBN00002846,Pass
MSN00000949,SBN00002847,Pass
MSN00000949,SBN00002848,Pass
MSN00000949,SBN00002849,Pass
MSN00000950,SBN00002850,Pass
MSN00000950,SBN00002851,Pass
MSN00000950,SBN00002852,Pass
MSN00000951,SBN00002853,Pass
MSN00000951,SBN00002854,Pass
MSN00000951,SBN00002855,Pass
MSN00000952,SBN00002856,Pass
MSN00000952,SBN00002857,Pass
MSN00000952,SBN00002858,Pass
MSN00000953,SBN00002859,Pass
MSN00000953,SBN00002860,Pass
MSN00000953,SBN00002861,Pass
MSN00000954,SBN00002862,Pass
MSN00000954,SBN00002863,Pass
MSN00000954,SBN00002864,Pass
MSN00000955,SBN00002865,Pass
MSN00000955,SBN00002866,Pass
MSN00000955,SBN00002867,Pass
MSN00000956,SBN00002868,Pass
MSN00000956,SBN00002869,Pass
MSN00000956,SBN00002870,Pass
MSN00000957,SBN00002871,Pass
MSN00000957,SBN00002872,Pass
MSN00000957,SBN00002873,Pass
MSN00000958,SBN00002874,Pass
MSN00000958,SBN00002875,Pass
MSN00000958,SBN00002876,Pass
MSN00000959,SBN00002877,Pass
MSN00000959,SBN00002878,Pass
MSN00000959,SBN00002879,Pass
MSN00000960,SBN00002880,Pass
MSN00000960,SBN00002881,Pass
MSN00000960,SBN00002882,Pass
MSN00000961,SBN00002883,Pass
MSN00000961,SBN00002884,Pass
MSN00000961,SBN00002885,Pass
MSN00000962,SBN00002886,Pass
MSN00000962,SBN00002887,Pass
MSN00000962,SBN00002888,Pass
MSN00000963,SBN00002889,Pass
MSN00000963,SBN00002890,Pass
MSN00000963,SBN00002891,Pass
MSN00000964,SBN00002892,Fail
MSN00000964,SBN00002893,Fail
MSN00000964,SBN00002894,Fail
MSN00000965,SBN00002895,Pass
MSN00000965,SBN00002896,Pass
MSN00000965,SBN00002897,Pass
MSN00000966,SBN00002898,Pass
MSN00000966,SBN00002899,Pass
MSN00000966,SBN00002900,Pass
MSN00000967,SBN00002901,Pass
MSN00000967,SBN00002902,Pass
MSN00000967,SBN00002903,Pass
MSN00000968,SBN00002904,Pass
MSN00000968,SBN00002905,Pass
MSN00000968,SBN00002906,Pass
MSN00000969,SBN00002907,Pass
MSN00000969,SBN00002908,Pass
MSN00000969,SBN00002909,Pass
MSN00000970,SBN00002910,Pass
MSN00000970,SBN00002911,Pass
MSN00000970,SBN00002912,Pass
MSN00000971,SBN00002913,Pass
MSN00000971,SBN00002914,Pass
MSN00000971,SBN00002915,Pass
MSN00000972,SBN00002916,Fail
MSN00000972,SBN00002917,Fail
MSN00000972,SBN00002918,Fail
MSN00000973,SBN00002919,Fail
MSN00000973,SBN00002920,Fail
MSN00000973,SBN00002921,Fail
MSN00000974,SBN00002922,Fail
MSN00000974,SBN00002923,Fail
MSN00000974,SBN00002924,Fail
MSN00000975,SBN00002925,Fail
MSN00000975,SBN00002926,Fail
MSN00000975,SBN00002927,Fail
MSN00000976,SBN00002928,Pass
MSN00000976,SBN00002929,Pass
MSN00000976,SBN00002930,Pass
MSN00000977,SBN00002931,Fail
MSN00000977,SBN00002932,Fail
MSN00000977,SBN00002933,Fail
MSN00000978,SBN00002934,Fail
MSN00000978,SBN00002935,Fail
MSN00000978,SBN00002936,Fail
MSN00000979,SBN00002937,Fail
MSN00000979,SBN00002938,Fail
MSN00000979,SBN00002939,Fail
MSN00000980,SBN00002940,Pass
MSN00000980,SBN00002941,Pass
MSN00000980,SBN00002942,Pass
MSN00000981,SBN00002943,Pass
MSN00000981,SBN00002944,Pass
MSN00000981,SBN00002945,Pass
MSN00000982,SBN00002946,Fail
MSN00000982,SBN00002947,Fail
MSN00000982,SBN00002948,Fail
MSN00000983,SBN00002949,Fail
MSN00000983,SBN00002950,Fail
MSN00000983,SBN00002951,Fail
MSN00000984,SBN00002952,Pass
MSN00000984,SBN00002953,Pass
MSN00000984,SBN00002954,Pass
MSN00000985,SBN00002955,Pass
MSN00000985,SBN00002956,Pass
MSN00000985,SBN00002957,Pass
MSN00000986,SBN00002958,Pass
MSN00000986,SBN00002959,Pass
MSN00000986,SBN00002960,Pass
MSN00000987,SBN00002961,Pass
MSN00000987,SBN00002962,Pass
MSN00000987,SBN00002963,Pass
MSN00000988,SBN00002964,Fail
MSN00000988,SBN00002965,Fail
MSN00000988,SBN00002966,Fail
MSN00000989,SBN00002967,Fail
MSN00000989,SBN00002968,Fail
MSN00000989,SBN00002969,Fail
MSN00000990,SBN00002970,Fail
MSN00000990,SBN00002971,Fail
MSN00000990,SBN00002972,Fail
MSN00000991,SBN00002973,Pass
MSN00000991,SBN00002974,Pass
MSN00000991,SBN00002975,Pass
MSN00000992,SBN00002976,Fail
MSN00000992,SBN00002977,Fail
MSN00000992,SBN00002978,Fail
MSN00000993,SBN00002979,Pass
MSN00000993,SBN00002980,Pass
MSN00000993,SBN00002981,Pass
MSN00000994,SBN00002982,Pass
MSN00000994,SBN00002983,Pass
MSN00000994,SBN00002984,Pass
MSN00000995,SBN00002985,Fail
MSN00000995,SBN00002986,Fail
MSN00000995,SBN00002987,Fail
MSN00000996,SBN00002988,Pass
MSN00000996,SBN00002989,Pass
MSN00000996,SBN00002990,Pass
MSN00000997,SBN00002991,Pass
MSN00000997,SBN00002992,Pass
MSN00000997,SBN00002993,Pass
MSN00000998,SBN00002994,Fail
MSN00000998,SBN00002995,Fail
MSN00000998,SBN00002996,Fail
MSN00000999,SBN00002997,Pass
MSN00000999,SBN00002998,Pass
MSN00000999,SBN00002999,Pass
